[{"model": "home.achievement", "pk": 1, "fields": {"name": "NASA Space Apps Challenge", "teamName": "Akash, Isha, Rohan & Kritika", "rank": "National Winner", "prize": "", "poster": "media/Home/Achievements/2019_NASA_Space_Apps.jpg", "active": true, "date": "2019-10-20T00:00:00Z"}}, {"model": "home.achievement", "pk": 2, "fields": {"name": "SIH 2019", "teamName": "Saksham Saini, Pratishtha Tiwari, Akash Bajpai, Isha Bansal, Ashutosh Chatterjee, Ankur Jain", "rank": "Grand Finalist", "prize": "", "poster": "media/Home/Achievements/2019_Smart_India_Hackathon.jpeg", "active": true, "date": "2019-03-03T00:00:00Z"}}, {"model": "home.achievement", "pk": 3, "fields": {"name": "Hack This", "teamName": "Harshita Sachdeva and Isha Mudgal", "rank": "Best Accessibility / Disability Project", "prize": "$300", "poster": "media/Home/Achievements/2020__HACK_THIS.jpg", "active": true, "date": "2020-08-14T00:00:00Z"}}, {"model": "home.achievement", "pk": 4, "fields": {"name": "Hack Gujrat", "teamName": "Yashasvi Singh Bhadauria and Arpit Agarwal", "rank": "III Prize", "prize": "Rs. 5000 Amazon Voucher, Bugsee 100$ Credit", "poster": "media/Home/Achievements/2020_HACK_GUJARAT.jpg", "active": true, "date": "2020-09-06T00:00:00Z"}}, {"model": "home.achievement", "pk": 5, "fields": {"name": "Snapchat Holi Lensathon", "teamName": "Deepak Chaturvedi", "rank": "II Place", "prize": "Rs.1,00,000 and Snapchat Swags", "poster": "media/Home/Achievements/Holi_Lensathon.jpg", "active": true, "date": "2021-03-07T00:00:00Z"}}, {"model": "home.achievement", "pk": 6, "fields": {"name": "BOTHACKS 2020", "teamName": "Ravi K. Vishwakarma, Saumya Bathla, Muskan Mittal and Ruchi Kushwaha", "rank": "Honourable Mention", "prize": "", "poster": "media/Home/Achievements/2020_BOTHACKS.jpg", "active": true, "date": "2020-08-31T00:00:00Z"}}, {"model": "home.achievement", "pk": 7, "fields": {"name": "Hack'20", "teamName": "Yashasvi Singh Bhadauria, Ashutosh Verma and Arpit Agarwal", "rank": "Winner", "prize": "$5000 Google Cloud Credits", "poster": "media/Home/Achievements/2020_Hack_20.png", "active": true, "date": "2020-08-16T00:00:00Z"}}, {"model": "home.achievement", "pk": 8, "fields": {"name": "Scaler Code-X", "teamName": "Divyank Goyal", "rank": "11th", "prize": "Rs. 5000 and 400 Scaler Coins", "poster": "media/Home/Achievements/2021_Scaler_Codex.jpg", "active": true, "date": "2021-04-25T00:00:00Z"}}, {"model": "home.achievement", "pk": 9, "fields": {"name": "NASA Space Apps Challenge", "teamName": "Team TECHELITE", "rank": "Global Finalist", "prize": "", "poster": "media/Home/Achievements/2020_Space_Apps.jpg", "active": true, "date": "2020-10-04T00:00:00Z"}}, {"model": "home.achievement", "pk": 10, "fields": {"name": "Snapchat India Lensathon", "teamName": "Akash Bajpai & Anshika Verma", "rank": "II Prize & V Prize", "prize": "Rs. 70K & Rs 10K respectively with Swag Bag", "poster": "media/Home/Achievements/2020_Lensathon.PNG", "active": true, "date": "2020-06-06T00:00:00Z"}}, {"model": "home.achievement", "pk": 11, "fields": {"name": "GrizzHacks 5", "teamName": "Vanshika Namdev, Amisha Sharma and Ayushi Tyagi", "rank": "Best ML Hack", "prize": "Sponsors Goodie", "poster": "media/Home/Achievements/2020_Grizz_Hacks_5.PNG", "active": true, "date": "2020-09-20T00:00:00Z"}}, {"model": "home.achievement", "pk": 12, "fields": {"name": "Virtual Hacks", "teamName": "Akash Bajpai, Kritika Singh and Tushar Gupta", "rank": "4", "prize": "1,25,000 CAD with 6 Month Internship offer", "poster": "media/Home/Achievements/2020_VIRTUAL_HACKS.jpg", "active": true, "date": "2020-09-19T00:00:00Z"}}, {"model": "home.achievement", "pk": 13, "fields": {"name": "SigmaHacks 2.0", "teamName": "Saurabh Chaudhary, Kartik Gupta, Kushagra Goel and Deepak Chaturvedi", "rank": "Winner - $800", "prize": "", "poster": "media/Home/Achievements/2020_SIGMAHACKS_2.0.jpg", "active": true, "date": "2020-07-11T00:00:00Z"}}, {"model": "home.achievement", "pk": 14, "fields": {"name": "One Hack-a-thon", "teamName": "Vanshika Singhal, Sanchita Mishra and Sakshi Singh", "rank": "National Winner", "prize": "", "poster": "media/Home/Achievements/2020_One_Hackathon_-_The_Online_Global_Challenge.png", "active": true, "date": "2020-08-09T00:00:00Z"}}, {"model": "home.achievement", "pk": 15, "fields": {"name": "Endeavour B-Plan 2020", "teamName": "Saksham Saini, Madhur Jain and Shivam Singh Chauhan", "rank": "Winner", "prize": "", "poster": "media/Home/Achievements/2020_B-Plan_Endeavour.jpeg", "active": true, "date": "2020-02-29T00:00:00Z"}}, {"model": "home.achievement", "pk": 16, "fields": {"name": "Hack for the People", "teamName": "Akash Bajpai and Kritika Singh", "rank": "Best Sociocultural Hack", "prize": "$200", "poster": "media/Home/Achievements/2020_Hack_for_the_people.PNG", "active": true, "date": "2020-08-23T00:00:00Z"}}, {"model": "home.achievement", "pk": 17, "fields": {"name": "NASA Space Apps Challenge", "teamName": "Rohan, Kritika, Uddeshya & Tushar", "rank": "Global Finalist", "prize": "", "poster": "media/Home/Achievements/2020_Space_Apps1_WJw9lke.jpg", "active": true, "date": "2020-10-04T00:00:00Z"}}, {"model": "home.achievement", "pk": 18, "fields": {"name": "Data Hackathon", "teamName": "Yash Chaturvedi, Naveen Tiwari & Ronak jain", "rank": "2", "prize": "", "poster": "media/Home/Achievements/2019_Data_Hacktahon.jpeg", "active": true, "date": "2019-11-15T00:00:00Z"}}, {"model": "home.achievement", "pk": 19, "fields": {"name": "Technovation Hackathon 2", "teamName": "Akash Bajpai, Isha Bansal, Kritika Singh & Tushar Gupta", "rank": "1", "prize": "Rs. 30,000", "poster": "media/Home/Achievements/2020_Technovation_Hackathon_2.png", "active": true, "date": "2020-01-26T00:00:00Z"}}, {"model": "home.achievement", "pk": 20, "fields": {"name": "Redhat RHCSA Linux 8", "teamName": "Shivam Singh Chauhan", "rank": "World 19th Person", "prize": "RedHat certified System Administrator", "poster": "media/Home/Achievements/2019_Red_Hat.jpg", "active": true, "date": "2019-07-04T00:00:00Z"}}, {"model": "home.achievement", "pk": 21, "fields": {"name": "Lowe's Campus Challenge", "teamName": "Akash Bajpai & Isha Bansal", "rank": "Rs. 3 Lakh Winner", "prize": "", "poster": "media/Home/Achievements/2020_Lowes_India_Hackathon.jpg", "active": true, "date": "2020-05-15T00:00:00Z"}}, {"model": "home.achievement", "pk": 22, "fields": {"name": "Tech Savvy Contest 2019", "teamName": "Priyanshi Gupta and Isha Mudgal", "rank": "3", "prize": "", "poster": "media/Home/Achievements/2019_Tech_Savy.png", "active": true, "date": "2019-10-01T00:00:00Z"}}, {"model": "home.achievement", "pk": 23, "fields": {"name": "Mobility Mission Festival", "teamName": "Amitabh, Sachi, Mani, Harshita & Ashwin", "rank": "1st, Won Rs.50,000", "prize": "", "poster": "media/Home/Achievements/2019_Mobility_Mission_Festival.png", "active": true, "date": "2019-11-10T00:00:00Z"}}, {"model": "home.achievement", "pk": 24, "fields": {"name": "ACM-W Hackathon", "teamName": "Vanshika Singhal, Sanchita Mishra, Sakshi Singh", "rank": "1st", "prize": "Rs. 24,000/-", "poster": "media/Home/Achievements/acmw-poster.jpeg", "active": true, "date": "2020-12-19T00:00:00Z"}}, {"model": "home.achievement", "pk": 25, "fields": {"name": "Smart India Hackathon 2020", "teamName": "Team Tech_Army_", "rank": "Joint-Winner", "prize": "", "poster": "media/Home/Achievements/2020_SIH.jpg", "active": true, "date": "2021-03-01T00:00:00Z"}}, {"model": "home.core_team_member", "pk": "akash.1721it1014@kiet.edu", "fields": {"name": "Akash Bajpai", "branch": "Information Technology", "year": "IV", "linkedIn": "https://www.linkedin.com/in/akash4bajpai/", "gitHub": "https://github.com/KIRAkash/", "instagram": "https://www.instagram.com/_akash_bajpai", "facebook": "", "coreImage": "media/Home/core_team_members/Akash_Bajpai_ybE1ZTJ.png", "date": "2021-01-02T13:46:28.496Z", "active": true}}, {"model": "home.core_team_member", "pk": "akp998rahul@gmail.com", "fields": {"name": "Ankit Kumar", "branch": "Computer Science and Engineering", "year": "IV", "linkedIn": "https://www.linkedin.com/in/ankit-kumar-41a378180/", "gitHub": "https://github.com/simply-hollow/", "instagram": "https://www.instagram.com/_simply_hollow_", "facebook": "", "coreImage": "media/Home/core_team_members/Ankit_Kumar_9XyTZwN.png", "date": "2021-05-11T05:39:42.513Z", "active": true}}, {"model": "home.core_team_member", "pk": "anshikaverma558@gmail.com", "fields": {"name": "Anshika Verma", "branch": "Information Technology", "year": "IV", "linkedIn": "https://www.linkedin.com/in/anshika-verma-9607a216b/", "gitHub": "https://github.com/Anshika-Verma", "instagram": "https://www.instagram.com/anshika3511", "facebook": "", "coreImage": "media/Home/core_team_members/Anshika_Verma_GtGZiYV.png", "date": "2021-05-11T05:41:08.462Z", "active": true}}, {"model": "home.core_team_member", "pk": "anushkaece007@gmail.com", "fields": {"name": "Anushka Sharma", "branch": "Electronics and Communication Engineering", "year": "III", "linkedIn": "https://www.linkedin.com/in/anushka-sharma-b2b008185", "gitHub": "https://github.com/Anushka-ece", "instagram": "https://www.instagram.com/the_dazed.dandelion", "facebook": "", "coreImage": "media/Home/core_team_members/Anushka_Sharma_fBCnNkp.png", "date": "2021-05-08T18:11:13.202Z", "active": true}}, {"model": "home.core_team_member", "pk": "er.shivam.jks@gmail.com", "fields": {"name": "Shivam Singh Chauhan", "branch": "Computer Science and Engineering", "year": "IV", "linkedIn": "https://www.linkedin.com/in/shivam-singh-chauhan-54792215b/", "gitHub": "", "instagram": "https://www.instagram.com/shivamsinghchauha", "facebook": "", "coreImage": "media/Home/core_team_members/Shivam_Singh_5194KqJ.png", "date": "2021-05-11T05:42:46.910Z", "active": true}}, {"model": "home.core_team_member", "pk": "harshguptashnd@gmail.com", "fields": {"name": "Harsh Gupta", "branch": "Computer Science", "year": "III", "linkedIn": "https://www.linkedin.com/in/harsh-gupta-7ab67a18b", "gitHub": "https://github.com/Harsh-Gupta9897", "instagram": "https://instagram.com/_guptaharsh__", "facebook": "", "coreImage": "media/Home/core_team_members/Harsh_Gupta_0V3xqiJ.png", "date": "2021-05-08T18:08:34.748Z", "active": true}}, {"model": "home.core_team_member", "pk": "isha.1721ec1064@kiet.edu", "fields": {"name": "Isha Bansal", "branch": "Information Technology", "year": "IV", "linkedIn": "https://www.linkedin.com/in/isha-bansal-98670516b/", "gitHub": "https://github.com/Ishanu12", "instagram": "https://www.instagram.com/ishu.cr7", "facebook": "", "coreImage": "media/Home/core_team_members/Isha_Bansal_YbrHhlM.png", "date": "2021-01-02T13:47:40.728Z", "active": true}}, {"model": "home.core_team_member", "pk": "kritikasingh4019@gmail.com", "fields": {"name": "Kritika Singh", "branch": "Electronics and Instrumentation Engineering", "year": "III", "linkedIn": "https://www.linkedin.com/in/kritikasingh19/", "gitHub": "https://github.com/KritiSingh19", "instagram": "https://www.instagram.com/_kritiisingh_", "facebook": "", "coreImage": "media/Home/core_team_members/Kritika_Singh_zvItBfg.png", "date": "2021-05-08T18:12:09.377Z", "active": true}}, {"model": "home.core_team_member", "pk": "madhurjain055@gmail.com", "fields": {"name": "Madhur Jain", "branch": "Information Technology", "year": "IV", "linkedIn": "https://www.linkedin.com/in/madhur-jain-786bb0192/", "gitHub": "", "instagram": "https://www.instagram.com/_itsmemj__", "facebook": "", "coreImage": "media/Home/core_team_members/Madhur_Jain_JXoBwr4.png", "date": "2021-05-11T05:43:50.473Z", "active": true}}, {"model": "home.core_team_member", "pk": "muskaanmittal2001@gmail.com", "fields": {"name": "Muskaan Mittal", "branch": "Electronics and Communication Engineering", "year": "III", "linkedIn": "https://www.linkedin.com/in/muskaan-mittal-8a32b618b/", "gitHub": "https://github.com/muskaanmittal", "instagram": "https://www.instagram.com/mi_muskaan", "facebook": "", "coreImage": "media/Home/core_team_members/Muskan_Mittal_aRDhX5Y.png", "date": "2021-05-08T18:15:26.400Z", "active": true}}, {"model": "home.core_team_member", "pk": "naman.1822csi1020@kiet.edu", "fields": {"name": "Naman Mehrotra", "branch": "Computer Science and Information Technology", "year": "III", "linkedIn": "https://www.linkedin.com/in/naman-mehrotra/", "gitHub": "https://github.com/Naman1011", "instagram": "https://www.instagram.com/mehrotra_naman", "facebook": "", "coreImage": "media/Home/core_team_members/Naman_Mehrotra_I3ivOf1.png", "date": "2021-05-08T18:10:25.534Z", "active": true}}, {"model": "home.core_team_member", "pk": "prakhar.1822en1097@kiet.edu", "fields": {"name": "Prakhar Yadav", "branch": "Electronics and Communication Engineering", "year": "III", "linkedIn": "https://www.linkedin.com/in/prakhar-yadav-a11182199", "gitHub": "https://github.com/yadavprakhar", "instagram": "https://www.instagram.com/prakhar553", "facebook": "", "coreImage": "media/Home/core_team_members/Prakhar_Yadav_iR1R8pT.png", "date": "2021-05-08T18:13:43.588Z", "active": true}}, {"model": "home.core_team_member", "pk": "rashisaini151999@gmail.com", "fields": {"name": "Rashi Saini", "branch": "Computer Science and Engineering", "year": "IV", "linkedIn": "http://www.linkedin.com/in/rashisaini15", "gitHub": "https://github.com/rashi151999", "instagram": "https://www.instagram.com/rashisaini15", "facebook": "", "coreImage": "media/Home/core_team_members/Rashi_Saini_Z8kdrSI.png", "date": "2021-05-11T05:45:00.179Z", "active": true}}, {"model": "home.core_team_member", "pk": "ravi.1822ec1123@kiet.edu", "fields": {"name": "Ravi Kumar Vishwakarma", "branch": "Electronics and Communication Engineering", "year": "III", "linkedIn": "https://www.linkedin.com/in/ravik27280", "gitHub": "https://github.com/Ravik27280", "instagram": "https://www.instagram.com/ravi.kumar27280", "facebook": "", "coreImage": "media/Home/core_team_members/Ravi_Kumar_9P82itY.png", "date": "2021-05-08T18:14:24.716Z", "active": true}}, {"model": "home.core_team_member", "pk": "rohankhurana.cse@gmail.com", "fields": {"name": "Rohan Khurana", "branch": "Computer Science and Engineering", "year": "III", "linkedIn": "https://www.linkedin.com/in/rohan-khurana-cse/", "gitHub": "https://github.com/rohan-khurana/", "instagram": "https://www.instagram.com/rohan_khurana__", "facebook": "", "coreImage": "media/Home/core_team_members/Rohan_Khurana_XYuZwXm.png", "date": "2021-05-08T18:03:45.279Z", "active": true}}, {"model": "home.core_team_member", "pk": "sakshmika2000@gmail.com", "fields": {"name": "Sakshmika Agarwal", "branch": "Electronics and Communication Engineering", "year": "III", "linkedIn": "https://www.linkedin.com/in/sakshmika-agarwal", "gitHub": "https://github.com/sakshmika", "instagram": "https://www.instagram.com/jovial._.joy", "facebook": "", "coreImage": "media/Home/core_team_members/Sakshmika_Aggarwal_tTgZRgU.png", "date": "2021-05-08T18:12:54.082Z", "active": true}}, {"model": "home.core_team_member", "pk": "shreyaasthana983@gmail.com", "fields": {"name": "Shreya Asthana", "branch": "Information Technology", "year": "III", "linkedIn": "https://www.linkedin.com/in/shreya-asthana-it", "gitHub": "https://www.github.com/shreya113", "instagram": "https://www.instagram.com/shreya_a456", "facebook": "", "coreImage": "media/Home/core_team_members/Shreya_Asthana_TZF7veb.png", "date": "2021-05-08T18:16:09.858Z", "active": true}}, {"model": "home.core_team_member", "pk": "uddeshya.2k@gmail.com", "fields": {"name": "Uddeshya", "branch": "Computer Science", "year": "III", "linkedIn": "https://www.linkedin.com/in/uddeshya11/", "gitHub": "https://github.com/11PRINCE", "instagram": "https://www.instagram.com/_._uddeshya_._", "facebook": "", "coreImage": "media/Home/core_team_members/Uddeshya_wNrl0HT.png", "date": "2021-05-08T18:09:34.254Z", "active": true}}, {"model": "home.core_team_member", "pk": "vedanshkgupta@gmail.com", "fields": {"name": "Vedansh Kumar Gupta", "branch": "Information Technology", "year": "III", "linkedIn": "https://www.linkedin.com/in/vedansh-kumar-gupta-b154b4194/", "gitHub": "https://github.com/VedanshKumarGupta", "instagram": "https://www.instagram.com/kumar_vedansh", "facebook": "", "coreImage": "media/Home/core_team_members/Vedansh_Kumar_Gupta_Cg7e7gn.png", "date": "2021-05-08T18:16:54.921Z", "active": true}}, {"model": "home.founder", "pk": "gautamvikash731@gmail.com", "fields": {"name": "Vikas Gautam", "linkedIn": "https://www.linkedin.com/in/vikas-gautam-944379151", "gitHub": "", "instagram": "", "facebook": "", "coreImage": "media/Home/Founders/Vikas_Gautam.png"}}, {"model": "home.founder", "pk": "harshrawat66@gmail.com", "fields": {"name": "Harsh Rawat", "linkedIn": "https://www.linkedin.com/in/harshrawat66/", "gitHub": "", "instagram": "", "facebook": "", "coreImage": "media/Home/Founders/Harsh_Rawat.png"}}, {"model": "home.founder", "pk": "Hk06418@gmail.com", "fields": {"name": "Harsh Kumar", "linkedIn": "https://www.linkedin.com/in/hk06418/", "gitHub": "", "instagram": "", "facebook": "", "coreImage": "media/Home/Founders/Harsh_Kumar.png"}}, {"model": "home.founder", "pk": "pratishtha60@gmail.com", "fields": {"name": "Pratishtha Tiwari", "linkedIn": "https://www.linkedin.com/in/pratishta-tiwari/", "gitHub": "", "instagram": "", "facebook": "", "coreImage": "media/Home/Founders/Pratishtha_Tripathi.png"}}, {"model": "home.founder", "pk": "sakshamsaini123@gmail.com", "fields": {"name": "Saksham Saini", "linkedIn": "https://www.linkedin.com/in/saksham-saini", "gitHub": "", "instagram": "", "facebook": "", "coreImage": "media/Home/Founders/Saksham_Saini.png"}}, {"model": "home.testimonial", "pk": 1, "fields": {"name": "Dr. Adesh Kumar Pandey", "message": "We are really proud of the student's club \"Innogeeks\", to develop knowledge of various technological domains including IoT, AR/VR, Web Development, Android Development & ML in its members and making them professionally prepared.\r\nMy warm wishes are with Team Innogeeks for their future endeavors!", "Image": "media/Home/Testimonials/AdeshPandey_EkXt6xQ.jpg", "position": "HoD, IT & CSIT", "active": true}}, {"model": "home.testimonial", "pk": 2, "fields": {"name": "Ms. Nidhi Goyal", "message": "Students today are more tech-savvy than ever before. A club like Innogeeks is very much needed to be present which gives students a platform to break the boundaries of imagination, think about innovative ideas & work upon them. Cheers to team Innogeeks for their work & best wishes for their future!", "Image": "media/Home/Testimonials/Nidhi_e1D69Gv.png", "position": "Assistant Professor", "active": true}}, {"model": "home.testimonial", "pk": 3, "fields": {"name": "Mr. Dinesh Kumar", "message": "It gives us immense happiness and pride seeing the \"INNOGEEKS\" club of the Department of Information Technology achieving greater heights and success. My heartiest wishes to Team INNOGEEKS for their bright future!", "Image": "media/Home/Testimonials/Dinesh_Kumar_65ebb4O.jpg", "position": "Assistant Professor", "active": true}}, {"model": "home.testimonial", "pk": 4, "fields": {"name": "Dr. C.M. Batra", "message": "A life spent making mistakes is not only more honorable, but more useful than a life spent doing nothing.", "Image": "media/Home/Testimonials/CM_Batra.jpg", "position": "HoD, Applied Science", "active": false}}, {"model": "home.gallery", "pk": 3, "fields": {"name": "1", "image": "media/Home/Gallery/IMG_1734.JPG", "active": true, "date": "2021-05-08T15:22:46.729Z"}}, {"model": "home.gallery", "pk": 4, "fields": {"name": "2", "image": "media/Home/Gallery/IMG_1747.JPG", "active": true, "date": "2021-05-08T15:22:46.729Z"}}, {"model": "home.gallery", "pk": 5, "fields": {"name": "3", "image": "media/Home/Gallery/IMG-20190826-WA0042.webp", "active": true, "date": "2021-05-08T15:22:46Z"}}, {"model": "home.gallery", "pk": 6, "fields": {"name": "4", "image": "media/Home/Gallery/IMG-20191128-WA0002_6IM8FGa.webp", "active": true, "date": "2021-05-08T15:22:46Z"}}, {"model": "home.gallery", "pk": 7, "fields": {"name": "5", "image": "media/Home/Gallery/20190902_180553.jpg", "active": true, "date": "2021-05-08T15:22:46.729Z"}}, {"model": "home.gallery", "pk": 8, "fields": {"name": "6", "image": "media/Home/Gallery/IMG_20190903_175406.jpg", "active": true, "date": "2021-05-08T15:22:46.729Z"}}, {"model": "home.gallery", "pk": 9, "fields": {"name": "7", "image": "media/Home/Gallery/IMG-20190930-WA0018_f3d17PH.webp", "active": true, "date": "2021-05-08T15:22:46Z"}}, {"model": "home.gallery", "pk": 10, "fields": {"name": "8", "image": "media/Home/Gallery/Innogeeks-TechArmy_tDIzO26.webp", "active": true, "date": "2021-05-08T15:22:46Z"}}, {"model": "home.gallery", "pk": 11, "fields": {"name": "9", "image": "media/Home/Gallery/Innogeeks-Flashmob-group_i3MhOUe.webp", "active": true, "date": "2021-05-08T15:22:46Z"}}, {"model": "home.gallery", "pk": 12, "fields": {"name": "10", "image": "media/Home/Gallery/IMG-20190302-WA0020_7zumaWF.webp", "active": true, "date": "2021-05-08T15:22:46Z"}}, {"model": "home.gallery", "pk": 13, "fields": {"name": "11", "image": "media/Home/Gallery/PSX_20210328_171710_U1STgd9.webp", "active": true, "date": "2021-05-08T15:22:46Z"}}, {"model": "home.gallery", "pk": 14, "fields": {"name": "12", "image": "media/Home/Gallery/IMG-20191128-WA0031_86GgkXT.webp", "active": true, "date": "2021-05-08T15:22:46Z"}}, {"model": "home.gallery", "pk": 16, "fields": {"name": "14", "image": "media/Home/Gallery/IMG-20190915-WA0015_GNWZaik.webp", "active": true, "date": "2021-05-08T15:22:46Z"}}, {"model": "home.gallery", "pk": 17, "fields": {"name": "15", "image": "media/Home/Gallery/PSX_20210328_021504.webp", "active": true, "date": "2021-05-08T15:22:46Z"}}, {"model": "home.gallery", "pk": 18, "fields": {"name": "16", "image": "media/Home/Gallery/IMG20210322172828_TRjybgr.webp", "active": true, "date": "2021-05-08T15:22:46Z"}}, {"model": "home.gallery", "pk": 19, "fields": {"name": "13", "image": "media/Home/Gallery/IMG-20210324-WA0013_XNFO3f8.webp", "active": true, "date": "2021-05-10T09:35:00Z"}}, {"model": "home.gallery", "pk": 20, "fields": {"name": "17", "image": "media/Home/Gallery/IMG-20200125-WA0009.webp", "active": true, "date": "2021-05-10T09:36:40Z"}}, {"model": "home.gallery", "pk": 21, "fields": {"name": "18", "image": "media/Home/Gallery/IMG-20191128-WA0034_bNdaANY.webp", "active": true, "date": "2021-05-10T09:37:38Z"}}, {"model": "home.gallery", "pk": 22, "fields": {"name": "19", "image": "media/Home/Gallery/1569169430769.webp", "active": true, "date": "2021-05-10T09:37:52Z"}}, {"model": "home.gallery", "pk": 23, "fields": {"name": "20", "image": "media/Home/Gallery/IMG_20190826_130949_0pr9One.webp", "active": true, "date": "2021-05-10T09:40:23Z"}}, {"model": "home.update", "pk": 1, "fields": {"desc": "Update 1 for trial", "link": "http://13.232.39.100:8000", "active": true, "date": "2021-05-08T15:22:46.735Z"}}, {"model": "home.update", "pk": 2, "fields": {"desc": "Update 2 for trial", "link": "http://13.232.39.100:8000/", "active": true, "date": "2021-05-08T15:22:46.735Z"}}, {"model": "home.carouselimg", "pk": 1, "fields": {"name": "KIET", "image": "media/Home/CarouselImgs/Carousel_2.png", "active": true, "date": "2021-05-08T22:48:19Z"}}, {"model": "home.developerteam", "pk": "aditi29bhawna@gmail.com", "fields": {"name": "Aditi Goyal", "linkedIn": "https://www.linkedin.com/in/aditi-goyal-ab163819b", "intro": "Computer Science and Information Technology (II)", "image": "media/Home/Developers/Aditi_Goyal_bSFNPeq.png", "active": true}}, {"model": "home.developerteam", "pk": "harshguptashnd@gmail.com", "fields": {"name": "Harsh Gupta", "linkedIn": "https://www.linkedin.com/in/harsh-gupta-7ab67a18b", "intro": "Computer Science (III)", "image": "media/Home/Developers/Harsh_Gupta_OQYA6ox.png", "active": true}}, {"model": "home.developerteam", "pk": "rohitsingh9450rs@gmail.com", "fields": {"name": "Shreyash Singh", "linkedIn": "https://www.linkedin.com/in/shreyash-singh-7a3858197/", "intro": "Computer Science and Information Technology (II)", "image": "media/Home/Developers/Shreyah_Singh_ljr9Dku.jpeg", "active": true}}, {"model": "home.developerteam", "pk": "sakshi.1923csi1107@kiet.edu", "fields": {"name": "Sakshi Singh", "linkedIn": "https://www.linkedin.com/in/sakshi-singh-988b9a1aa", "intro": "Computer Science and Information Technology (II)", "image": "media/Home/Developers/Sakshi_Singh_jHHlrK6.png", "active": true}}, {"model": "home.developerteam", "pk": "sanchita.1923co1055@kiet.edu", "fields": {"name": "Sanchita Mishra", "linkedIn": "https://www.linkedin.com/in/sanchitamishra170676", "intro": "Computer Science (II)", "image": "media/Home/Developers/Sanchita_Mishra_HdR5Dej.png", "active": true}}, {"model": "home.developerteam", "pk": "shreyaasthana983@gmail.com", "fields": {"name": "Shreya Asthana", "linkedIn": "https://www.linkedin.com/in/shreya-asthana-it", "intro": "Information Technology (III)", "image": "media/Home/Developers/Shreya_Asthana_CrdAvnE.png", "active": true}}, {"model": "home.developerteam", "pk": "vanshikasinghal5401@gmail.com", "fields": {"name": "Vanshika Singhal", "linkedIn": "https://www.linkedin.com/in/vanshika-singhal-3a4a301a7", "intro": "Information Technology (II)", "image": "media/Home/Developers/Vanshika.jpeg", "active": true}}, {"model": "home.volunteerteam", "pk": "aditiagg111@gmail.com", "fields": {"name": "Aditi Aggarwal", "linkedIn": "http://www.linkedin.com/in/aditi-agarwal-80102a1b5", "intro": "Computer Science and Information Technology (II)", "image": "media/Home/Volunteers/Aditi_Aggarwal_4nkeMNc.png", "active": true}}, {"model": "home.volunteerteam", "pk": "bansalisha056@gmail.com", "fields": {"name": "Isha Bansal", "linkedIn": "https://www.linkedin.com/in/isha-bansal-98670516b/", "intro": "Information Technology (IV)", "image": "media/Home/Volunteers/Isha_Bansal_FgWdbux.png", "active": true}}, {"model": "home.volunteerteam", "pk": "durgeshagrharibst1234@gmail.com", "fields": {"name": "Durgesh Agrhari", "linkedIn": "https://www.linkedin.com/in/durgesh-agrhari-b1a4341b4", "intro": "Information Technology (II)", "image": "media/Home/Volunteers/Durgesh_GrhmhBv.png", "active": true}}, {"model": "home.volunteerteam", "pk": "rohankhurana.cse@gmail.com", "fields": {"name": "Rohan Khurana", "linkedIn": "https://www.linkedin.com/in/rohan-khurana-cse/", "intro": "Computer Science and Engineering (III)", "image": "media/Home/Volunteers/Rohan_Khurana_UAfKlB1.png", "active": true}}, {"model": "home.volunteerteam", "pk": "sachingupta959@gmail.com", "fields": {"name": "Sachin Kumar Gupta", "linkedIn": "https://www.linkedin.com/in/sachin-kumar-gupta-3851731b3/", "intro": "Information Technology (II)", "image": "media/Home/Volunteers/Sachin_1oUcroO.png", "active": true}}, {"model": "home.volunteerteam", "pk": "uddeshya.2k@gmail.com", "fields": {"name": "Uddeshya", "linkedIn": "https://www.linkedin.com/in/uddeshya11/", "intro": "Computer Science (III)", "image": "media/Home/Volunteers/Uddeshya_bjqsMrg.png", "active": true}}, {"model": "dashboard.achievement", "pk": 1, "fields": {"user": 3, "achievementName": "ACMW Hackathon", "category": "Technical", "role": "Front-end Developer, Team Lead", "description": "Home\r\nAdmin\r\nDashboard\r\n", "certiURL": "acm.com", "image": "media/Dashboard/achievement/snake-pitviper-843686628-iStock_TommyIX.jpg", "date": "2021-05-08T15:24:09.794Z", "is_public": true}}, {"model": "dashboard.article", "pk": 1, "fields": {"user": 3, "title": "Student", "domain": "Android_Development", "highlights": "Having the DevTools console immediately launch when opening a new tab can be very helpful,.", "description": "Changed again", "content": "hey code", "code": "", "subHeading": "again", "quote": "again", "quoteBy": "aga8in", "tag1": "again", "tag2": "again", "tag3": "again", "Thumbimage1": "", "Thumbimage2": "", "date": "2021-05-11T09:51:25.020Z", "is_approved": false, "slug": "innogeeks1923co1055-android_development-student-s91ge018io"}}, {"model": "dashboard.course", "pk": 1, "fields": {"name": "Web Development", "date": "2021-05-08T11:57:46.308Z"}}, {"model": "dashboard.course", "pk": 2, "fields": {"name": "Basic Programming", "date": "2021-05-08T11:57:46.312Z"}}, {"model": "dashboard.course", "pk": 3, "fields": {"name": "DSA", "date": "2021-05-08T11:57:46.318Z"}}, {"model": "dashboard.course", "pk": 4, "fields": {"name": "Augmented/Virtual Reality", "date": "2021-05-08T12:26:54.641Z"}}, {"model": "dashboard.course", "pk": 5, "fields": {"name": "Android Development", "date": "2021-05-08T16:44:23.910Z"}}, {"model": "dashboard.course", "pk": 6, "fields": {"name": "Machine Learning", "date": "2021-05-08T16:44:43.949Z"}}, {"model": "dashboard.course", "pk": 7, "fields": {"name": "Internet Of Things", "date": "2021-05-08T16:44:57.789Z"}}, {"model": "dashboard.clubprofile", "pk": 1, "fields": {"user": 1, "gender": "female", "branch": "CSIT", "name": "Aditi Goyal ", "phone": "7055461141", "college_email": "aditi.1923csi1024@kiet.edu", "personal_email": "aditi29bhawna@gmail.com", "domain": "Web Development", "batch": "2019-2023", "image": "", "date": "2021-05-08T11:57:46.322Z", "hostel_status": "Hosteler", "is_active": true, "is_mentor": false, "courses": [1, 2, 3]}}, {"model": "dashboard.clubprofile", "pk": 2, "fields": {"user": 2, "gender": "male", "branch": "IT", "name": "Akash Bajpai", "phone": "7007167422", "college_email": "akash.1721it1014@kiet.edu", "personal_email": "akash4bajpai@gmail.com", "domain": "Augmented/Virtual Reality", "batch": "2017-2021", "image": "media/dashboard/clubprofile/pp-removebg-preview-2-ConvertImage.png", "date": "2021-05-08T12:26:55.145Z", "hostel_status": "Hosteler", "is_active": true, "is_mentor": true, "courses": [2, 3, 4]}}, {"model": "dashboard.clubprofile", "pk": 3, "fields": {"user": 3, "gender": "female", "branch": "CO", "name": "", "phone": "+918800912721", "college_email": "sanchitamishra170676@gmail.com", "personal_email": "sanchitamishra170676@gmail.com", "domain": "Web Development", "batch": "2019-2023", "image": "media/dashboard/clubprofile/Sanchita.jpg", "date": "2021-05-08T13:49:35.655Z", "hostel_status": "Day-Scholar", "is_active": true, "is_mentor": false, "courses": [1, 2, 3]}}, {"model": "dashboard.clubprofile", "pk": 4, "fields": {"user": 5, "gender": "female", "branch": "CSIT", "name": "Sakshi Singh", "phone": "7355150894", "college_email": "sakshi.1923csi1107@kiet.edu", "personal_email": "sakshi.1923csi1107@kiet.edu", "domain": "Web Development", "batch": "2020-2024", "image": "media/dashboard/clubprofile/71a86744-47a8-48e3-8e56-4e8b45e9d03a.jfif", "date": "2021-05-08T14:14:13.143Z", "hostel_status": "Hosteler", "is_active": true, "is_mentor": false, "courses": [1, 2, 3]}}, {"model": "dashboard.clubprofile", "pk": 5, "fields": {"user": 6, "gender": "female", "branch": "IT", "name": "Vanshika Singhal", "phone": "8439705872", "college_email": "vanshika.1923ec1040@kiet.edu", "personal_email": "vanshikasinghal5401@gmail.com", "domain": "Web Development", "batch": "2019-2023", "image": "media/dashboard/clubprofile/Screenshot_20210324-173748_WhatsApp.jpg", "date": "2021-05-08T14:15:38.813Z", "hostel_status": "Day-Scholar", "is_active": true, "is_mentor": false, "courses": [1, 2, 3]}}, {"model": "dashboard.clubprofile", "pk": 6, "fields": {"user": 7, "gender": "male", "branch": "CO", "name": "Harsh Gupta", "phone": "8650065662", "college_email": "harsh.1822co1031@kiet.edu", "personal_email": "harshguptashnd@gmail.com", "domain": "Web Development", "batch": "2018-2022", "image": "media/dashboard/clubprofile/harsh_0wFh25Y.png", "date": "2021-05-08T16:59:15.748Z", "hostel_status": "Day-Scholar", "is_active": true, "is_mentor": false, "courses": [1, 2, 3]}}, {"model": "dashboard.clubprofile", "pk": 7, "fields": {"user": 4, "gender": "male", "branch": "other", "name": "Innogeeks", "phone": "9871245676", "college_email": "innogeeks@kiet.edu", "personal_email": "innogeeks@kiet.edu", "domain": "Web Development", "batch": "2020-2024", "image": "media/dashboard/clubprofile/innogeeks.png", "date": "2021-05-08T17:01:34.678Z", "hostel_status": "", "is_active": true, "is_mentor": false, "courses": [1, 2, 3, 4, 5, 6, 7]}}, {"model": "dashboard.clubprofile", "pk": 8, "fields": {"user": 8, "gender": "male", "branch": "CSE", "name": "Rohan Khurana", "phone": "8449031904", "college_email": "rohan.1822cs1112@kiet.edu", "personal_email": "rohankhurana.cse@gmail.com", "domain": "Augmented/Virtual Reality", "batch": "2018-2022", "image": "media/dashboard/clubprofile/1.png", "date": "2021-05-08T17:34:22.033Z", "hostel_status": "Day-Scholar", "is_active": true, "is_mentor": false, "courses": [2, 3, 4]}}, {"model": "dashboard.clubprofile", "pk": 9, "fields": {"user": 9, "gender": "female", "branch": "EC", "name": "Muskaan  Mittal", "phone": "8447046727", "college_email": "muskaan.1822ec1091@kiet.edu", "personal_email": "muskaanmittal2001@gmail.com", "domain": "Augmented/Virtual Reality", "batch": "2018-2022", "image": "media/dashboard/clubprofile/my-passport-photo__1_-removebg-preview.png", "date": "2021-05-11T05:11:45.432Z", "hostel_status": "Day-Scholar", "is_active": true, "is_mentor": false, "courses": [2, 3, 4]}}, {"model": "dashboard.clubprofile", "pk": 10, "fields": {"user": 10, "gender": "male", "branch": "CO", "name": "Uddeshya .", "phone": "8953859192", "college_email": "uddeshya.1822co1062@kiet.edu", "personal_email": "uddeshya.2k@gmail.com", "domain": "Augmented/Virtual Reality", "batch": "2018-2022", "image": "media/dashboard/clubprofile/IMG_20210327_202416_795.jpg", "date": "2021-05-11T05:26:09.075Z", "hostel_status": "Hosteler", "is_active": true, "is_mentor": false, "courses": [2, 3, 4]}}, {"model": "dashboard.clubprofile", "pk": 11, "fields": {"user": 11, "gender": "male", "branch": "EC", "name": "PRAKHAR YADAV", "phone": "9455526432", "college_email": "prakhar.1822ec1108@kiet.edu", "personal_email": "yadav.prakhar20@gmail.com", "domain": "Web Development", "batch": "2018-2022", "image": "", "date": "2021-05-11T10:01:00.752Z", "hostel_status": "Hosteler", "is_active": true, "is_mentor": false, "courses": [1, 2, 3]}}, {"model": "member.codingprofile", "pk": 1, "fields": {"user": 2, "codechef": "asfasfasf", "codeforces": "sfsfsf", "spoj": "sssss", "leetcode": "asas", "interviewbit": "asss"}}, {"model": "member.codingprofile", "pk": 2, "fields": {"user": 3, "codechef": "sanchita170676", "codeforces": "", "spoj": "", "leetcode": "", "interviewbit": ""}}, {"model": "member.codingprofile", "pk": 3, "fields": {"user": 1, "codechef": "", "codeforces": "", "spoj": "", "leetcode": "aditi_goyal2 ", "interviewbit": ""}}, {"model": "member.codingprofile", "pk": 5, "fields": {"user": 8, "codechef": "", "codeforces": "", "spoj": "", "leetcode": "rohan_khurana", "interviewbit": ""}}, {"model": "member.profile", "pk": 1, "fields": {"user": 3, "gender": "male", "phone": "", "dob": "2002-09-28", "city": "Ghaziabad", "state": "Uttar Pradesh", "postal_code": 201013, "email": "abc@gmail.com", "short_bio": "", "date": "2021-05-08T14:52:47.709Z"}}, {"model": "member.profile", "pk": 2, "fields": {"user": 1, "gender": "Female", "phone": "", "dob": "2001-07-29", "city": "Bulandshahr", "state": "Uttar Pradesh", "postal_code": 203001, "email": "aditi.1923csi1024@kiet.edu", "short_bio": "", "date": "2021-05-08T15:09:05.766Z"}}, {"model": "member.profile", "pk": 3, "fields": {"user": 5, "gender": "Female", "phone": "8439705872", "dob": "2001-04-05", "city": "Meerut", "state": "Uttar Pradesh", "postal_code": 250002, "email": "vanshikasinghal5401@gmail.com", "short_bio": "", "date": "2021-05-08T16:55:44.789Z"}}, {"model": "member.profile", "pk": 4, "fields": {"user": 8, "gender": "male", "phone": "", "dob": "2000-11-07", "city": "Modinagar", "state": "Uttar Pradesh", "postal_code": 201204, "email": "rohankhurana.cse@gmail.com", "short_bio": "", "date": "2021-05-08T17:41:43.942Z"}}, {"model": "member.education", "pk": 1, "fields": {"user": 2, "institution": "KIET", "time_period": "2017-2021", "qualification": "B.Tech", "grade": "84.3"}}, {"model": "member.education", "pk": 2, "fields": {"user": 2, "institution": "N7YUJ", "time_period": "2017", "qualification": "X", "grade": "84.3"}}, {"model": "member.education", "pk": 3, "fields": {"user": 3, "institution": "Kiet Group of Institutions", "time_period": "2019-2023", "qualification": "B.Tech", "grade": "9.6 CGPA"}}, {"model": "member.education", "pk": 4, "fields": {"user": 3, "institution": "Delhi Public School Ghaziabad", "time_period": "2017-2019", "qualification": "XII", "grade": "98.4%"}}, {"model": "member.education", "pk": 5, "fields": {"user": 3, "institution": "St Mary's", "time_period": "2018-19", "qualification": "X", "grade": "93.4%"}}, {"model": "member.education", "pk": 6, "fields": {"user": 1, "institution": "KIET GROUP OF INSTITUTION", "time_period": "2019-23", "qualification": "B.Tech", "grade": "10"}}, {"model": "member.education", "pk": 7, "fields": {"user": 1, "institution": "DELHI PUBLIC SCHOOL, BULANDSHAHR", "time_period": "2017-19", "qualification": "XII", "grade": "92.6"}}, {"model": "member.education", "pk": 8, "fields": {"user": 1, "institution": "NIRMALA CONVENT SCHOOL,BULANDSHAHR", "time_period": "2005-2017", "qualification": "X", "grade": "10"}}, {"model": "member.education", "pk": 9, "fields": {"user": 8, "institution": "KIET Group of Institutions, Ghaziabad", "time_period": "2018-2022", "qualification": "B.Tech", "grade": "92.34"}}, {"model": "member.education", "pk": 10, "fields": {"user": 8, "institution": "Baal Baari Public School, Modinagar", "time_period": "2014-2015", "qualification": "X", "grade": "10"}}, {"model": "member.education", "pk": 11, "fields": {"user": 8, "institution": "Baal Baari Public School, Modinagar", "time_period": "2016-2017", "qualification": "XII", "grade": "96"}}, {"model": "member.skill", "pk": 1, "fields": {"user": 2, "skill": "asdda"}}, {"model": "member.skill", "pk": 2, "fields": {"user": 3, "skill": "HTML"}}, {"model": "member.skill", "pk": 3, "fields": {"user": 3, "skill": "CSS"}}, {"model": "member.skill", "pk": 4, "fields": {"user": 3, "skill": "Bootstrap"}}, {"model": "member.skill", "pk": 5, "fields": {"user": 3, "skill": "JavaScript"}}, {"model": "member.skill", "pk": 6, "fields": {"user": 3, "skill": "Django"}}, {"model": "member.skill", "pk": 7, "fields": {"user": 3, "skill": "Java"}}, {"model": "member.skill", "pk": 8, "fields": {"user": 3, "skill": "C++"}}, {"model": "member.skill", "pk": 9, "fields": {"user": 1, "skill": "c++"}}, {"model": "member.skill", "pk": 10, "fields": {"user": 1, "skill": "C LANGUAGE"}}, {"model": "member.skill", "pk": 11, "fields": {"user": 1, "skill": "HTML"}}, {"model": "member.skill", "pk": 12, "fields": {"user": 1, "skill": "CSS"}}, {"model": "member.skill", "pk": 13, "fields": {"user": 1, "skill": "BOOTSTRAP"}}, {"model": "member.skill", "pk": 14, "fields": {"user": 1, "skill": "JAVASCRIPT"}}, {"model": "member.skill", "pk": 15, "fields": {"user": 1, "skill": "REACT JS"}}, {"model": "member.skill", "pk": 16, "fields": {"user": 1, "skill": "PHP"}}, {"model": "member.skill", "pk": 17, "fields": {"user": 1, "skill": "Node.js"}}, {"model": "admin.logentry", "pk": 1, "fields": {"action_time": "2021-05-08T15:53:56.756Z", "user": 4, "content_type": 4, "object_id": "akash.1721it1014@kiet.edu", "object_repr": "Akash Bajpai", "action_flag": 2, "change_message": "[{\"changed\": {\"fields\": [\"CoreImage\"]}}]"}}, {"model": "admin.logentry", "pk": 2, "fields": {"action_time": "2021-05-08T15:54:19.046Z", "user": 4, "content_type": 4, "object_id": "isha.1721ec1064@kiet.edu", "object_repr": "Isha Bansal", "action_flag": 2, "change_message": "[{\"changed\": {\"fields\": [\"CoreImage\"]}}]"}}, {"model": "admin.logentry", "pk": 3, "fields": {"action_time": "2021-05-08T15:54:42.016Z", "user": 4, "content_type": 4, "object_id": "rohankhurana.cse@gmail.com", "object_repr": "Rohan Khurana", "action_flag": 2, "change_message": "[{\"changed\": {\"fields\": [\"CoreImage\"]}}]"}}, {"model": "admin.logentry", "pk": 4, "fields": {"action_time": "2021-05-08T15:55:08.009Z", "user": 4, "content_type": 4, "object_id": "harsh.1822co1031@kiet.edu", "object_repr": "Harsh Gupta", "action_flag": 2, "change_message": "[{\"changed\": {\"fields\": [\"CoreImage\"]}}]"}}, {"model": "admin.logentry", "pk": 5, "fields": {"action_time": "2021-05-08T15:55:25.127Z", "user": 4, "content_type": 4, "object_id": "uddeshya.1822co1062@kiet.edu", "object_repr": "Uddeshya", "action_flag": 2, "change_message": "[{\"changed\": {\"fields\": [\"CoreImage\"]}}]"}}, {"model": "admin.logentry", "pk": 6, "fields": {"action_time": "2021-05-08T15:55:44.412Z", "user": 4, "content_type": 4, "object_id": "naman.1822csi1020@kiet.edu", "object_repr": "Naman Mehrotra", "action_flag": 2, "change_message": "[{\"changed\": {\"fields\": [\"CoreImage\"]}}]"}}, {"model": "admin.logentry", "pk": 7, "fields": {"action_time": "2021-05-08T15:56:46.236Z", "user": 4, "content_type": 4, "object_id": "kritikasingh4019@gmail.com", "object_repr": "Kritika Singh", "action_flag": 2, "change_message": "[{\"changed\": {\"fields\": [\"CoreImage\"]}}]"}}, {"model": "admin.logentry", "pk": 8, "fields": {"action_time": "2021-05-08T15:57:07.172Z", "user": 4, "content_type": 4, "object_id": "rashisaini151999@gmail.com", "object_repr": "Rashi Saini", "action_flag": 2, "change_message": "[{\"changed\": {\"fields\": [\"CoreImage\"]}}]"}}, {"model": "admin.logentry", "pk": 9, "fields": {"action_time": "2021-05-08T15:57:19.672Z", "user": 4, "content_type": 4, "object_id": "sakshmika2000@gmail.com", "object_repr": "Sakshmika Agarwal", "action_flag": 2, "change_message": "[{\"changed\": {\"fields\": [\"CoreImage\"]}}]"}}, {"model": "admin.logentry", "pk": 10, "fields": {"action_time": "2021-05-08T15:58:11.257Z", "user": 4, "content_type": 4, "object_id": "madhurjain055@gmail.com", "object_repr": "Madhur Jain", "action_flag": 2, "change_message": "[{\"changed\": {\"fields\": [\"CoreImage\"]}}]"}}, {"model": "admin.logentry", "pk": 11, "fields": {"action_time": "2021-05-08T16:04:49.510Z", "user": 4, "content_type": 4, "object_id": "rohankhurana.cse@gmail.com", "object_repr": "Rohan Khurana", "action_flag": 2, "change_message": "[{\"changed\": {\"fields\": [\"GitHub\"]}}]"}}, {"model": "admin.logentry", "pk": 12, "fields": {"action_time": "2021-05-08T16:07:43.349Z", "user": 4, "content_type": 7, "object_id": "sakshamsaini123@gmail.com", "object_repr": "Saksham Saini", "action_flag": 2, "change_message": "[{\"changed\": {\"fields\": [\"CoreImage\"]}}]"}}, {"model": "admin.logentry", "pk": 13, "fields": {"action_time": "2021-05-08T16:08:00.379Z", "user": 4, "content_type": 7, "object_id": "pratishtha60@gmail.com", "object_repr": "Pratishtha Tiwari", "action_flag": 2, "change_message": "[{\"changed\": {\"fields\": [\"CoreImage\"]}}]"}}, {"model": "admin.logentry", "pk": 14, "fields": {"action_time": "2021-05-08T16:08:27.718Z", "user": 4, "content_type": 7, "object_id": "Hk06418@gmail.com", "object_repr": "Harsh Kumar", "action_flag": 2, "change_message": "[{\"changed\": {\"fields\": [\"CoreImage\"]}}]"}}, {"model": "admin.logentry", "pk": 15, "fields": {"action_time": "2021-05-08T16:08:43.527Z", "user": 4, "content_type": 7, "object_id": "harshrawat66@gmail.com", "object_repr": "Harsh Rawat", "action_flag": 2, "change_message": "[{\"changed\": {\"fields\": [\"CoreImage\"]}}]"}}, {"model": "admin.logentry", "pk": 16, "fields": {"action_time": "2021-05-08T16:08:55.824Z", "user": 4, "content_type": 7, "object_id": "gautamvikash731@gmail.com", "object_repr": "Vikas Gautam", "action_flag": 2, "change_message": "[{\"changed\": {\"fields\": [\"CoreImage\"]}}]"}}, {"model": "admin.logentry", "pk": 17, "fields": {"action_time": "2021-05-08T16:14:07.773Z", "user": 4, "content_type": 11, "object_id": "1", "object_repr": "Dr. Adesh Kumar Pandey(HoD, IT & CSIT)", "action_flag": 2, "change_message": "[{\"changed\": {\"fields\": [\"Message\", \"Image\"]}}]"}}, {"model": "admin.logentry", "pk": 18, "fields": {"action_time": "2021-05-08T16:14:49.142Z", "user": 4, "content_type": 11, "object_id": "2", "object_repr": "Ms. Nidhi Goyal(Assistant Professor)", "action_flag": 2, "change_message": "[{\"changed\": {\"fields\": [\"Message\", \"Image\"]}}]"}}, {"model": "admin.logentry", "pk": 19, "fields": {"action_time": "2021-05-08T16:15:28.631Z", "user": 4, "content_type": 11, "object_id": "3", "object_repr": "Mr. Dinesh Kumar(Assistant Professor)", "action_flag": 2, "change_message": "[{\"changed\": {\"fields\": [\"Message\", \"Image\"]}}]"}}, {"model": "admin.logentry", "pk": 20, "fields": {"action_time": "2021-05-08T16:15:44.078Z", "user": 4, "content_type": 11, "object_id": "4", "object_repr": "Dr. C.M. Batra(HoD, Applied Science)", "action_flag": 2, "change_message": "[{\"changed\": {\"fields\": [\"Image\"]}}]"}}, {"model": "admin.logentry", "pk": 21, "fields": {"action_time": "2021-05-08T16:16:43.735Z", "user": 4, "content_type": 11, "object_id": "4", "object_repr": "Dr. C.M. Batra(HoD, Applied Science)", "action_flag": 2, "change_message": "[{\"changed\": {\"fields\": [\"Active\"]}}]"}}, {"model": "admin.logentry", "pk": 22, "fields": {"action_time": "2021-05-08T16:19:10.007Z", "user": 4, "content_type": 4, "object_id": "akp998rahul@gmail.com", "object_repr": "Ankit Kumar", "action_flag": 2, "change_message": "[{\"changed\": {\"fields\": [\"CoreImage\"]}}]"}}, {"model": "admin.logentry", "pk": 23, "fields": {"action_time": "2021-05-08T16:20:11.893Z", "user": 4, "content_type": 5, "object_id": "harshguptashnd@gmail.com", "object_repr": "Harsh Gupta", "action_flag": 1, "change_message": "[{\"added\": {}}]"}}, {"model": "admin.logentry", "pk": 24, "fields": {"action_time": "2021-05-08T16:21:56.397Z", "user": 4, "content_type": 5, "object_id": "harshguptashnd@gmail.com", "object_repr": "Harsh Gupta", "action_flag": 2, "change_message": "[{\"changed\": {\"fields\": [\"Image\"]}}]"}}, {"model": "admin.logentry", "pk": 25, "fields": {"action_time": "2021-05-08T16:22:43.495Z", "user": 4, "content_type": 1, "object_id": "3", "object_repr": "NASA Space Apps Challenge", "action_flag": 1, "change_message": "[{\"added\": {}}]"}}, {"model": "admin.logentry", "pk": 26, "fields": {"action_time": "2021-05-08T16:23:35.705Z", "user": 4, "content_type": 5, "object_id": "vanshikasinghal5401@gmail.com", "object_repr": "Vanshika Singhal", "action_flag": 1, "change_message": "[{\"added\": {}}]"}}, {"model": "admin.logentry", "pk": 27, "fields": {"action_time": "2021-05-08T16:24:21.300Z", "user": 4, "content_type": 1, "object_id": "4", "object_repr": "SIH 2019", "action_flag": 1, "change_message": "[{\"added\": {}}]"}}, {"model": "admin.logentry", "pk": 28, "fields": {"action_time": "2021-05-08T16:25:11.333Z", "user": 4, "content_type": 5, "object_id": "sanchita.1923co1055@kiet.edu", "object_repr": "Sanchita Mishra", "action_flag": 1, "change_message": "[{\"added\": {}}]"}}, {"model": "admin.logentry", "pk": 29, "fields": {"action_time": "2021-05-08T16:25:37.584Z", "user": 4, "content_type": 5, "object_id": "sanchita.1923co1055@kiet.edu", "object_repr": "Sanchita Mishra", "action_flag": 3, "change_message": ""}}, {"model": "admin.logentry", "pk": 30, "fields": {"action_time": "2021-05-08T16:26:05.815Z", "user": 4, "content_type": 1, "object_id": "2", "object_repr": "Hack This", "action_flag": 2, "change_message": "[{\"changed\": {\"fields\": [\"Name\", \"TeamName\", \"Rank\", \"Prize\", \"Poster\", \"Date\"]}}]"}}, {"model": "admin.logentry", "pk": 31, "fields": {"action_time": "2021-05-08T16:26:24.135Z", "user": 4, "content_type": 5, "object_id": "sanchita.1923co1055@kiet.edu", "object_repr": "Sanchita Mishra", "action_flag": 1, "change_message": "[{\"added\": {}}]"}}, {"model": "admin.logentry", "pk": 32, "fields": {"action_time": "2021-05-08T16:27:36.294Z", "user": 4, "content_type": 5, "object_id": "aditi29bhawna@gmail.com", "object_repr": "Aditi Goyal", "action_flag": 1, "change_message": "[{\"added\": {}}]"}}, {"model": "admin.logentry", "pk": 33, "fields": {"action_time": "2021-05-08T16:27:43.347Z", "user": 4, "content_type": 1, "object_id": "1", "object_repr": "One Hack-a-thon", "action_flag": 2, "change_message": "[{\"changed\": {\"fields\": [\"Name\", \"TeamName\", \"Prize\", \"Poster\", \"Date\"]}}]"}}, {"model": "admin.logentry", "pk": 34, "fields": {"action_time": "2021-05-08T16:28:25.023Z", "user": 4, "content_type": 1, "object_id": "4", "object_repr": "SIH 2019", "action_flag": 2, "change_message": "[{\"changed\": {\"fields\": [\"Date\"]}}]"}}, {"model": "admin.logentry", "pk": 35, "fields": {"action_time": "2021-05-08T16:29:20.342Z", "user": 4, "content_type": 5, "object_id": "sakshi.1923csi1107@kiet.edu", "object_repr": "Sakshi Singh", "action_flag": 1, "change_message": "[{\"added\": {}}]"}}, {"model": "admin.logentry", "pk": 36, "fields": {"action_time": "2021-05-08T16:30:15.625Z", "user": 4, "content_type": 1, "object_id": "5", "object_repr": "Hack Gujrat", "action_flag": 1, "change_message": "[{\"added\": {}}]"}}, {"model": "admin.logentry", "pk": 37, "fields": {"action_time": "2021-05-08T16:30:31.031Z", "user": 4, "content_type": 5, "object_id": "shreyaasthana983@gmail.com", "object_repr": "Shreya Asthana", "action_flag": 1, "change_message": "[{\"added\": {}}]"}}, {"model": "admin.logentry", "pk": 38, "fields": {"action_time": "2021-05-08T16:31:41.884Z", "user": 4, "content_type": 5, "object_id": "rohitsingh9450rs@gmail.com", "object_repr": "Shreyash Singh", "action_flag": 1, "change_message": "[{\"added\": {}}]"}}, {"model": "admin.logentry", "pk": 39, "fields": {"action_time": "2021-05-08T16:31:44.403Z", "user": 4, "content_type": 1, "object_id": "6", "object_repr": "Endeavour B-Plan 2020", "action_flag": 1, "change_message": "[{\"added\": {}}]"}}, {"model": "admin.logentry", "pk": 40, "fields": {"action_time": "2021-05-08T16:34:16.381Z", "user": 4, "content_type": 1, "object_id": "7", "object_repr": "BOTHACKS 2020", "action_flag": 1, "change_message": "[{\"added\": {}}]"}}, {"model": "admin.logentry", "pk": 41, "fields": {"action_time": "2021-05-08T16:34:56.896Z", "user": 4, "content_type": 13, "object_id": "aditiagg111@gmail.com", "object_repr": "Aditi Aggarwal", "action_flag": 1, "change_message": "[{\"added\": {}}]"}}, {"model": "admin.logentry", "pk": 42, "fields": {"action_time": "2021-05-08T16:35:29.608Z", "user": 4, "content_type": 1, "object_id": "8", "object_repr": "Hack'20", "action_flag": 1, "change_message": "[{\"added\": {}}]"}}, {"model": "admin.logentry", "pk": 43, "fields": {"action_time": "2021-05-08T16:36:05.126Z", "user": 4, "content_type": 13, "object_id": "durgeshagrharibst1234@gmail.com", "object_repr": "Durgesh Agrhari", "action_flag": 1, "change_message": "[{\"added\": {}}]"}}, {"model": "admin.logentry", "pk": 44, "fields": {"action_time": "2021-05-08T16:36:55.631Z", "user": 4, "content_type": 1, "object_id": "9", "object_repr": "NASA Space Apps Challenge", "action_flag": 1, "change_message": "[{\"added\": {}}]"}}, {"model": "admin.logentry", "pk": 45, "fields": {"action_time": "2021-05-08T16:37:05.552Z", "user": 4, "content_type": 13, "object_id": "bansalisha056@gmail.com", "object_repr": "Isha Bansal", "action_flag": 1, "change_message": "[{\"added\": {}}]"}}, {"model": "admin.logentry", "pk": 46, "fields": {"action_time": "2021-05-08T16:38:04.373Z", "user": 4, "content_type": 13, "object_id": "rohankhurana.cse@gmail.com", "object_repr": "Rohan Khurana", "action_flag": 1, "change_message": "[{\"added\": {}}]"}}, {"model": "admin.logentry", "pk": 47, "fields": {"action_time": "2021-05-08T16:38:10.520Z", "user": 4, "content_type": 1, "object_id": "10", "object_repr": "Snapchat India Lensathon", "action_flag": 1, "change_message": "[{\"added\": {}}]"}}, {"model": "admin.logentry", "pk": 48, "fields": {"action_time": "2021-05-08T16:39:11.682Z", "user": 4, "content_type": 13, "object_id": "sachingupta959@gmail.com", "object_repr": "Sachin Kumar Gupta", "action_flag": 1, "change_message": "[{\"added\": {}}]"}}, {"model": "admin.logentry", "pk": 49, "fields": {"action_time": "2021-05-08T16:39:30.833Z", "user": 4, "content_type": 1, "object_id": "11", "object_repr": "GrizzHacks 5", "action_flag": 1, "change_message": "[{\"added\": {}}]"}}, {"model": "admin.logentry", "pk": 50, "fields": {"action_time": "2021-05-08T16:39:58.404Z", "user": 4, "content_type": 13, "object_id": "uddeshya.2k@gmail.com", "object_repr": "Uddeshya", "action_flag": 1, "change_message": "[{\"added\": {}}]"}}, {"model": "admin.logentry", "pk": 51, "fields": {"action_time": "2021-05-08T16:44:15.734Z", "user": 4, "content_type": 1, "object_id": "2", "object_repr": "SIH 2019", "action_flag": 2, "change_message": "update through import_export"}}, {"model": "admin.logentry", "pk": 52, "fields": {"action_time": "2021-05-08T16:44:15.739Z", "user": 4, "content_type": 1, "object_id": "20", "object_repr": "Redhat RHCSA Linux 8", "action_flag": 1, "change_message": "new through import_export"}}, {"model": "admin.logentry", "pk": 53, "fields": {"action_time": "2021-05-08T16:44:15.744Z", "user": 4, "content_type": 1, "object_id": "22", "object_repr": "Tech Savvy Contest 2019", "action_flag": 1, "change_message": "new through import_export"}}, {"model": "admin.logentry", "pk": 54, "fields": {"action_time": "2021-05-08T16:44:15.749Z", "user": 4, "content_type": 1, "object_id": "1", "object_repr": "NASA Space Apps Challenge", "action_flag": 2, "change_message": "update through import_export"}}, {"model": "admin.logentry", "pk": 55, "fields": {"action_time": "2021-05-08T16:44:15.754Z", "user": 4, "content_type": 1, "object_id": "23", "object_repr": "Mobility Mission Festival", "action_flag": 1, "change_message": "new through import_export"}}, {"model": "admin.logentry", "pk": 56, "fields": {"action_time": "2021-05-08T16:44:15.759Z", "user": 4, "content_type": 1, "object_id": "18", "object_repr": "Data Hackathon", "action_flag": 1, "change_message": "new through import_export"}}, {"model": "admin.logentry", "pk": 57, "fields": {"action_time": "2021-05-08T16:44:15.765Z", "user": 4, "content_type": 1, "object_id": "19", "object_repr": "Technovation Hackathon 2", "action_flag": 1, "change_message": "new through import_export"}}, {"model": "admin.logentry", "pk": 58, "fields": {"action_time": "2021-05-08T16:44:15.770Z", "user": 4, "content_type": 1, "object_id": "15", "object_repr": "Endeavour B-Plan 2020", "action_flag": 1, "change_message": "new through import_export"}}, {"model": "admin.logentry", "pk": 59, "fields": {"action_time": "2021-05-08T16:44:15.776Z", "user": 4, "content_type": 1, "object_id": "21", "object_repr": "Lowe's Campus Challenge", "action_flag": 1, "change_message": "new through import_export"}}, {"model": "admin.logentry", "pk": 60, "fields": {"action_time": "2021-05-08T16:44:15.780Z", "user": 4, "content_type": 1, "object_id": "10", "object_repr": "Snapchat India Lensathon", "action_flag": 2, "change_message": "update through import_export"}}, {"model": "admin.logentry", "pk": 61, "fields": {"action_time": "2021-05-08T16:44:15.785Z", "user": 4, "content_type": 1, "object_id": "13", "object_repr": "SigmaHacks 2.0", "action_flag": 1, "change_message": "new through import_export"}}, {"model": "admin.logentry", "pk": 62, "fields": {"action_time": "2021-05-08T16:44:15.790Z", "user": 4, "content_type": 1, "object_id": "14", "object_repr": "One Hack-a-thon", "action_flag": 1, "change_message": "new through import_export"}}, {"model": "admin.logentry", "pk": 63, "fields": {"action_time": "2021-05-08T16:44:15.795Z", "user": 4, "content_type": 1, "object_id": "3", "object_repr": "Hack This", "action_flag": 2, "change_message": "update through import_export"}}, {"model": "admin.logentry", "pk": 64, "fields": {"action_time": "2021-05-08T16:44:15.800Z", "user": 4, "content_type": 1, "object_id": "7", "object_repr": "Hack'20", "action_flag": 2, "change_message": "update through import_export"}}, {"model": "admin.logentry", "pk": 65, "fields": {"action_time": "2021-05-08T16:44:15.804Z", "user": 4, "content_type": 1, "object_id": "16", "object_repr": "Hack for the People", "action_flag": 1, "change_message": "new through import_export"}}, {"model": "admin.logentry", "pk": 66, "fields": {"action_time": "2021-05-08T16:44:15.808Z", "user": 4, "content_type": 1, "object_id": "6", "object_repr": "BOTHACKS 2020", "action_flag": 2, "change_message": "update through import_export"}}, {"model": "admin.logentry", "pk": 67, "fields": {"action_time": "2021-05-08T16:44:15.813Z", "user": 4, "content_type": 1, "object_id": "4", "object_repr": "Hack Gujrat", "action_flag": 2, "change_message": "update through import_export"}}, {"model": "admin.logentry", "pk": 68, "fields": {"action_time": "2021-05-08T16:44:15.819Z", "user": 4, "content_type": 1, "object_id": "12", "object_repr": "Virtual Hacks", "action_flag": 1, "change_message": "new through import_export"}}, {"model": "admin.logentry", "pk": 69, "fields": {"action_time": "2021-05-08T16:44:15.823Z", "user": 4, "content_type": 1, "object_id": "11", "object_repr": "GrizzHacks 5", "action_flag": 2, "change_message": "update through import_export"}}, {"model": "admin.logentry", "pk": 70, "fields": {"action_time": "2021-05-08T16:44:15.828Z", "user": 4, "content_type": 1, "object_id": "17", "object_repr": "NASA Space Apps Challenge", "action_flag": 1, "change_message": "new through import_export"}}, {"model": "admin.logentry", "pk": 71, "fields": {"action_time": "2021-05-08T16:44:15.832Z", "user": 4, "content_type": 1, "object_id": "9", "object_repr": "NASA Space Apps Challenge", "action_flag": 2, "change_message": "update through import_export"}}, {"model": "admin.logentry", "pk": 72, "fields": {"action_time": "2021-05-08T16:44:15.837Z", "user": 4, "content_type": 1, "object_id": "24", "object_repr": "ACM-W Hackathon", "action_flag": 1, "change_message": "new through import_export"}}, {"model": "admin.logentry", "pk": 73, "fields": {"action_time": "2021-05-08T16:44:23.912Z", "user": 4, "content_type": 15, "object_id": "5", "object_repr": "Android Development", "action_flag": 1, "change_message": "[{\"added\": {}}]"}}, {"model": "admin.logentry", "pk": 74, "fields": {"action_time": "2021-05-08T16:44:43.951Z", "user": 4, "content_type": 15, "object_id": "6", "object_repr": "Machine Learning", "action_flag": 1, "change_message": "[{\"added\": {}}]"}}, {"model": "admin.logentry", "pk": 75, "fields": {"action_time": "2021-05-08T16:44:57.790Z", "user": 4, "content_type": 15, "object_id": "7", "object_repr": "Internet Of Things", "action_flag": 1, "change_message": "[{\"added\": {}}]"}}, {"model": "admin.logentry", "pk": 76, "fields": {"action_time": "2021-05-08T16:55:44.807Z", "user": 4, "content_type": 31, "object_id": "3", "object_repr": "innogeeks.1923ec1040", "action_flag": 1, "change_message": "[{\"added\": {}}]"}}, {"model": "admin.logentry", "pk": 77, "fields": {"action_time": "2021-05-08T16:57:32.498Z", "user": 4, "content_type": 1, "object_id": "8", "object_repr": "Scaler Code-X", "action_flag": 2, "change_message": "[{\"changed\": {\"fields\": [\"Name\", \"TeamName\", \"Rank\", \"Prize\", \"Poster\", \"Date\"]}}]"}}, {"model": "admin.logentry", "pk": 78, "fields": {"action_time": "2021-05-08T17:00:37.513Z", "user": 4, "content_type": 1, "object_id": "5", "object_repr": "Snapchat Holi Lensathon", "action_flag": 2, "change_message": "[{\"changed\": {\"fields\": [\"Name\", \"TeamName\", \"Rank\", \"Prize\", \"Poster\", \"Date\"]}}]"}}, {"model": "admin.logentry", "pk": 79, "fields": {"action_time": "2021-05-08T17:01:34.684Z", "user": 4, "content_type": 27, "object_id": "7", "object_repr": "innogeeks@kiet.edu", "action_flag": 1, "change_message": "[{\"added\": {}}]"}}, {"model": "admin.logentry", "pk": 80, "fields": {"action_time": "2021-05-08T17:06:23.337Z", "user": 4, "content_type": 1, "object_id": "25", "object_repr": "Smart India Hackathon 2020", "action_flag": 1, "change_message": "[{\"added\": {}}]"}}, {"model": "admin.logentry", "pk": 81, "fields": {"action_time": "2021-05-08T17:06:53.420Z", "user": 4, "content_type": 1, "object_id": "25", "object_repr": "Smart India Hackathon 2020", "action_flag": 2, "change_message": "[{\"changed\": {\"fields\": [\"Prize\"]}}]"}}, {"model": "admin.logentry", "pk": 82, "fields": {"action_time": "2021-05-08T17:17:54.362Z", "user": 4, "content_type": 2, "object_id": "1", "object_repr": "KIET", "action_flag": 1, "change_message": "[{\"added\": {}}]"}}, {"model": "admin.logentry", "pk": 83, "fields": {"action_time": "2021-05-08T17:28:08.211Z", "user": 4, "content_type": 33, "object_id": "4", "object_repr": "innogeeks.1923ec1040", "action_flag": 3, "change_message": ""}}, {"model": "admin.logentry", "pk": 84, "fields": {"action_time": "2021-05-08T17:29:22.966Z", "user": 4, "content_type": 31, "object_id": "2", "object_repr": "innogeeks.1923csi1024", "action_flag": 2, "change_message": "[{\"changed\": {\"fields\": [\"Gender\"]}}]"}}, {"model": "admin.logentry", "pk": 85, "fields": {"action_time": "2021-05-08T17:38:02.442Z", "user": 4, "content_type": 27, "object_id": "8", "object_repr": "rohan.1822cs1112@kiet.edu", "action_flag": 2, "change_message": "[{\"changed\": {\"fields\": [\"Is active\"]}}]"}}, {"model": "admin.logentry", "pk": 86, "fields": {"action_time": "2021-05-08T17:56:45.165Z", "user": 4, "content_type": 4, "object_id": "rohankhurana.cse@gmail.com", "object_repr": "Rohan Khurana", "action_flag": 3, "change_message": ""}}, {"model": "admin.logentry", "pk": 87, "fields": {"action_time": "2021-05-08T18:03:45.279Z", "user": 4, "content_type": 4, "object_id": "rohankhurana.cse@gmail.com", "object_repr": "Rohan Khurana", "action_flag": 1, "change_message": "[{\"added\": {}}]"}}, {"model": "admin.logentry", "pk": 88, "fields": {"action_time": "2021-05-08T18:04:02.528Z", "user": 4, "content_type": 4, "object_id": "muskaanmittal2001@gmail.com", "object_repr": "Muskaan Mittal", "action_flag": 2, "change_message": "[{\"changed\": {\"fields\": [\"Year\"]}}]"}}, {"model": "admin.logentry", "pk": 89, "fields": {"action_time": "2021-05-08T18:04:14.373Z", "user": 4, "content_type": 4, "object_id": "anushka.1822ec1037@kiet.edu", "object_repr": "Anushka Sharma", "action_flag": 2, "change_message": "[{\"changed\": {\"fields\": [\"Branch\"]}}]"}}, {"model": "admin.logentry", "pk": 90, "fields": {"action_time": "2021-05-08T18:07:16.682Z", "user": 4, "content_type": 4, "object_id": "harsh.1822co1031@kiet.edu", "object_repr": "Harsh Gupta", "action_flag": 3, "change_message": ""}}, {"model": "admin.logentry", "pk": 91, "fields": {"action_time": "2021-05-08T18:07:16.688Z", "user": 4, "content_type": 4, "object_id": "uddeshya.1822co1062@kiet.edu", "object_repr": "Uddeshya", "action_flag": 3, "change_message": ""}}, {"model": "admin.logentry", "pk": 92, "fields": {"action_time": "2021-05-08T18:07:16.695Z", "user": 4, "content_type": 4, "object_id": "anushka.1822ec1037@kiet.edu", "object_repr": "Anushka Sharma", "action_flag": 3, "change_message": ""}}, {"model": "admin.logentry", "pk": 93, "fields": {"action_time": "2021-05-08T18:07:16.709Z", "user": 4, "content_type": 4, "object_id": "sakshmika2000@gmail.com", "object_repr": "Sakshmika Agarwal", "action_flag": 3, "change_message": ""}}, {"model": "admin.logentry", "pk": 94, "fields": {"action_time": "2021-05-08T18:07:16.714Z", "user": 4, "content_type": 4, "object_id": "kritikasingh4019@gmail.com", "object_repr": "Kritika Singh", "action_flag": 3, "change_message": ""}}, {"model": "admin.logentry", "pk": 95, "fields": {"action_time": "2021-05-08T18:07:16.722Z", "user": 4, "content_type": 4, "object_id": "shreyaasthana983@gmail.com", "object_repr": "Shreya Asthana", "action_flag": 3, "change_message": ""}}, {"model": "admin.logentry", "pk": 96, "fields": {"action_time": "2021-05-08T18:07:16.728Z", "user": 4, "content_type": 4, "object_id": "vedanshkgupta@gmail.com", "object_repr": "Vedansh Kumar Gupta", "action_flag": 3, "change_message": ""}}, {"model": "admin.logentry", "pk": 97, "fields": {"action_time": "2021-05-08T18:07:16.734Z", "user": 4, "content_type": 4, "object_id": "anshikaverma558@gmail.com", "object_repr": "Anshika Verma", "action_flag": 3, "change_message": ""}}, {"model": "admin.logentry", "pk": 98, "fields": {"action_time": "2021-05-08T18:07:16.738Z", "user": 4, "content_type": 4, "object_id": "madhurjain055@gmail.com", "object_repr": "Madhur Jain", "action_flag": 3, "change_message": ""}}, {"model": "admin.logentry", "pk": 99, "fields": {"action_time": "2021-05-08T18:07:16.744Z", "user": 4, "content_type": 4, "object_id": "akp998rahul@gmail.com", "object_repr": "Ankit Kumar", "action_flag": 3, "change_message": ""}}, {"model": "admin.logentry", "pk": 100, "fields": {"action_time": "2021-05-08T18:07:16.749Z", "user": 4, "content_type": 4, "object_id": "rashisaini151999@gmail.com", "object_repr": "Rashi Saini", "action_flag": 3, "change_message": ""}}, {"model": "admin.logentry", "pk": 101, "fields": {"action_time": "2021-05-08T18:07:16.800Z", "user": 4, "content_type": 4, "object_id": "er.shivam.jks@gmail.com", "object_repr": "Shivam Singh Chauhan", "action_flag": 3, "change_message": ""}}, {"model": "admin.logentry", "pk": 102, "fields": {"action_time": "2021-05-08T18:07:16.807Z", "user": 4, "content_type": 4, "object_id": "ravi.1822ec1123@kiet.edu", "object_repr": "Ravi Kumar Vishwakarma", "action_flag": 3, "change_message": ""}}, {"model": "admin.logentry", "pk": 103, "fields": {"action_time": "2021-05-08T18:07:16.812Z", "user": 4, "content_type": 4, "object_id": "naman.1822csi1020@kiet.edu", "object_repr": "Naman Mehrotra", "action_flag": 3, "change_message": ""}}, {"model": "admin.logentry", "pk": 104, "fields": {"action_time": "2021-05-08T18:07:16.818Z", "user": 4, "content_type": 4, "object_id": "prakhar.1822ec1108@kiet.edu", "object_repr": "Prakhar Yadav", "action_flag": 3, "change_message": ""}}, {"model": "admin.logentry", "pk": 105, "fields": {"action_time": "2021-05-08T18:07:16.823Z", "user": 4, "content_type": 4, "object_id": "muskaanmittal2001@gmail.com", "object_repr": "Muskaan Mittal", "action_flag": 3, "change_message": ""}}, {"model": "admin.logentry", "pk": 106, "fields": {"action_time": "2021-05-08T18:07:30.369Z", "user": 4, "content_type": 4, "object_id": "akash.1721it1014@kiet.edu", "object_repr": "Akash Bajpai", "action_flag": 2, "change_message": "[{\"changed\": {\"fields\": [\"Branch\"]}}]"}}, {"model": "admin.logentry", "pk": 107, "fields": {"action_time": "2021-05-08T18:07:38.876Z", "user": 4, "content_type": 4, "object_id": "isha.1721ec1064@kiet.edu", "object_repr": "Isha Bansal", "action_flag": 2, "change_message": "[{\"changed\": {\"fields\": [\"Branch\"]}}]"}}, {"model": "admin.logentry", "pk": 108, "fields": {"action_time": "2021-05-08T18:08:34.749Z", "user": 4, "content_type": 4, "object_id": "harshguptashnd@gmail.com", "object_repr": "Harsh Gupta", "action_flag": 1, "change_message": "[{\"added\": {}}]"}}, {"model": "admin.logentry", "pk": 109, "fields": {"action_time": "2021-05-08T18:09:34.255Z", "user": 4, "content_type": 4, "object_id": "uddeshya.2k@gmail.com", "object_repr": "Uddeshya", "action_flag": 1, "change_message": "[{\"added\": {}}]"}}, {"model": "admin.logentry", "pk": 110, "fields": {"action_time": "2021-05-08T18:10:25.535Z", "user": 4, "content_type": 4, "object_id": "naman.1822csi1020@kiet.edu", "object_repr": "Naman Mehrotra", "action_flag": 1, "change_message": "[{\"added\": {}}]"}}, {"model": "admin.logentry", "pk": 111, "fields": {"action_time": "2021-05-08T18:11:13.204Z", "user": 4, "content_type": 4, "object_id": "anushkaece007@gmail.com", "object_repr": "Anushka Sharma", "action_flag": 1, "change_message": "[{\"added\": {}}]"}}, {"model": "admin.logentry", "pk": 112, "fields": {"action_time": "2021-05-08T18:12:09.378Z", "user": 4, "content_type": 4, "object_id": "kritikasingh4019@gmail.com", "object_repr": "Kritika Singh", "action_flag": 1, "change_message": "[{\"added\": {}}]"}}, {"model": "admin.logentry", "pk": 113, "fields": {"action_time": "2021-05-08T18:12:54.083Z", "user": 4, "content_type": 4, "object_id": "sakshmika2000@gmail.com", "object_repr": "Sakshmika Agarwal", "action_flag": 1, "change_message": "[{\"added\": {}}]"}}, {"model": "admin.logentry", "pk": 114, "fields": {"action_time": "2021-05-08T18:13:43.589Z", "user": 4, "content_type": 4, "object_id": "prakhar.1822en1097@kiet.edu", "object_repr": "Prakhar Yadav", "action_flag": 1, "change_message": "[{\"added\": {}}]"}}, {"model": "admin.logentry", "pk": 115, "fields": {"action_time": "2021-05-08T18:14:24.716Z", "user": 4, "content_type": 4, "object_id": "ravi.1822ec1123@kiet.edu", "object_repr": "Ravi Kumar Vishwakarma", "action_flag": 1, "change_message": "[{\"added\": {}}]"}}, {"model": "admin.logentry", "pk": 116, "fields": {"action_time": "2021-05-08T18:15:26.401Z", "user": 4, "content_type": 4, "object_id": "muskaanmittal2001@gmail.com", "object_repr": "Muskaan Mittal", "action_flag": 1, "change_message": "[{\"added\": {}}]"}}, {"model": "admin.logentry", "pk": 117, "fields": {"action_time": "2021-05-08T18:16:09.859Z", "user": 4, "content_type": 4, "object_id": "shreyaasthana983@gmail.com", "object_repr": "Shreya Asthana", "action_flag": 1, "change_message": "[{\"added\": {}}]"}}, {"model": "admin.logentry", "pk": 118, "fields": {"action_time": "2021-05-08T18:16:54.922Z", "user": 4, "content_type": 4, "object_id": "vedanshkgupta@gmail.com", "object_repr": "Vedansh Kumar Gupta", "action_flag": 1, "change_message": "[{\"added\": {}}]"}}, {"model": "admin.logentry", "pk": 119, "fields": {"action_time": "2021-05-08T18:17:47.786Z", "user": 4, "content_type": 4, "object_id": "anshikaverma558@gmail.com", "object_repr": "Anshika Verma", "action_flag": 1, "change_message": "[{\"added\": {}}]"}}, {"model": "admin.logentry", "pk": 120, "fields": {"action_time": "2021-05-08T18:18:37.109Z", "user": 4, "content_type": 4, "object_id": "madhurjain055@gmail.com", "object_repr": "Madhur Jain", "action_flag": 1, "change_message": "[{\"added\": {}}]"}}, {"model": "admin.logentry", "pk": 121, "fields": {"action_time": "2021-05-08T18:19:56.300Z", "user": 4, "content_type": 4, "object_id": "rashisaini151999@gmail.com", "object_repr": "Rashi Saini", "action_flag": 1, "change_message": "[{\"added\": {}}]"}}, {"model": "admin.logentry", "pk": 122, "fields": {"action_time": "2021-05-08T18:20:48.799Z", "user": 4, "content_type": 4, "object_id": "er.shivam.jks@gmail.com", "object_repr": "Shivam Singh Chauhan", "action_flag": 1, "change_message": "[{\"added\": {}}]"}}, {"model": "admin.logentry", "pk": 123, "fields": {"action_time": "2021-05-08T18:21:29.674Z", "user": 4, "content_type": 4, "object_id": "akp998rahul@gmail.com", "object_repr": "Ankit Kumar", "action_flag": 1, "change_message": "[{\"added\": {}}]"}}, {"model": "admin.logentry", "pk": 124, "fields": {"action_time": "2021-05-08T18:45:39.569Z", "user": 4, "content_type": 4, "object_id": "anshikaverma558@gmail.com", "object_repr": "Anshika Verma", "action_flag": 3, "change_message": ""}}, {"model": "admin.logentry", "pk": 125, "fields": {"action_time": "2021-05-08T18:45:39.574Z", "user": 4, "content_type": 4, "object_id": "madhurjain055@gmail.com", "object_repr": "Madhur Jain", "action_flag": 3, "change_message": ""}}, {"model": "admin.logentry", "pk": 126, "fields": {"action_time": "2021-05-08T18:45:39.579Z", "user": 4, "content_type": 4, "object_id": "rashisaini151999@gmail.com", "object_repr": "Rashi Saini", "action_flag": 3, "change_message": ""}}, {"model": "admin.logentry", "pk": 127, "fields": {"action_time": "2021-05-08T18:45:39.585Z", "user": 4, "content_type": 4, "object_id": "er.shivam.jks@gmail.com", "object_repr": "Shivam Singh Chauhan", "action_flag": 3, "change_message": ""}}, {"model": "admin.logentry", "pk": 128, "fields": {"action_time": "2021-05-08T18:45:39.589Z", "user": 4, "content_type": 4, "object_id": "akp998rahul@gmail.com", "object_repr": "Ankit Kumar", "action_flag": 3, "change_message": ""}}, {"model": "admin.logentry", "pk": 129, "fields": {"action_time": "2021-05-10T09:29:04.968Z", "user": 4, "content_type": 8, "object_id": "5", "object_repr": "3", "action_flag": 2, "change_message": "[{\"changed\": {\"fields\": [\"Image\"]}}]"}}, {"model": "admin.logentry", "pk": 130, "fields": {"action_time": "2021-05-10T09:29:31.482Z", "user": 4, "content_type": 8, "object_id": "6", "object_repr": "4", "action_flag": 2, "change_message": "[{\"changed\": {\"fields\": [\"Image\"]}}]"}}, {"model": "admin.logentry", "pk": 131, "fields": {"action_time": "2021-05-10T09:30:19.482Z", "user": 4, "content_type": 8, "object_id": "9", "object_repr": "7", "action_flag": 2, "change_message": "[{\"changed\": {\"fields\": [\"Image\"]}}]"}}, {"model": "admin.logentry", "pk": 132, "fields": {"action_time": "2021-05-10T09:30:47.060Z", "user": 4, "content_type": 8, "object_id": "10", "object_repr": "8", "action_flag": 2, "change_message": "[{\"changed\": {\"fields\": [\"Image\"]}}]"}}, {"model": "admin.logentry", "pk": 133, "fields": {"action_time": "2021-05-10T09:31:00.726Z", "user": 4, "content_type": 8, "object_id": "11", "object_repr": "9", "action_flag": 2, "change_message": "[{\"changed\": {\"fields\": [\"Image\"]}}]"}}, {"model": "admin.logentry", "pk": 134, "fields": {"action_time": "2021-05-10T09:31:15.168Z", "user": 4, "content_type": 8, "object_id": "12", "object_repr": "10", "action_flag": 2, "change_message": "[{\"changed\": {\"fields\": [\"Image\"]}}]"}}, {"model": "admin.logentry", "pk": 135, "fields": {"action_time": "2021-05-10T09:31:46.994Z", "user": 4, "content_type": 8, "object_id": "13", "object_repr": "11", "action_flag": 2, "change_message": "[{\"changed\": {\"fields\": [\"Image\"]}}]"}}, {"model": "admin.logentry", "pk": 136, "fields": {"action_time": "2021-05-10T09:32:17.175Z", "user": 4, "content_type": 8, "object_id": "18", "object_repr": "16", "action_flag": 2, "change_message": "[{\"changed\": {\"fields\": [\"Image\"]}}]"}}, {"model": "admin.logentry", "pk": 137, "fields": {"action_time": "2021-05-10T09:33:25.015Z", "user": 4, "content_type": 8, "object_id": "17", "object_repr": "15", "action_flag": 2, "change_message": "[{\"changed\": {\"fields\": [\"Image\"]}}]"}}, {"model": "admin.logentry", "pk": 138, "fields": {"action_time": "2021-05-10T09:33:40.450Z", "user": 4, "content_type": 8, "object_id": "14", "object_repr": "12", "action_flag": 2, "change_message": "[{\"changed\": {\"fields\": [\"Image\"]}}]"}}, {"model": "admin.logentry", "pk": 139, "fields": {"action_time": "2021-05-10T09:33:59.567Z", "user": 4, "content_type": 8, "object_id": "16", "object_repr": "14", "action_flag": 2, "change_message": "[{\"changed\": {\"fields\": [\"Image\"]}}]"}}, {"model": "admin.logentry", "pk": 140, "fields": {"action_time": "2021-05-10T09:35:25.026Z", "user": 4, "content_type": 8, "object_id": "19", "object_repr": "13", "action_flag": 1, "change_message": "[{\"added\": {}}]"}}, {"model": "admin.logentry", "pk": 141, "fields": {"action_time": "2021-05-10T09:37:19.382Z", "user": 4, "content_type": 8, "object_id": "20", "object_repr": "17", "action_flag": 1, "change_message": "[{\"added\": {}}]"}}, {"model": "admin.logentry", "pk": 142, "fields": {"action_time": "2021-05-10T09:37:52.607Z", "user": 4, "content_type": 8, "object_id": "21", "object_repr": "18", "action_flag": 1, "change_message": "[{\"added\": {}}]"}}, {"model": "admin.logentry", "pk": 143, "fields": {"action_time": "2021-05-10T09:38:38.693Z", "user": 4, "content_type": 8, "object_id": "22", "object_repr": "19", "action_flag": 1, "change_message": "[{\"added\": {}}]"}}, {"model": "admin.logentry", "pk": 144, "fields": {"action_time": "2021-05-10T09:40:58.752Z", "user": 4, "content_type": 8, "object_id": "23", "object_repr": "20", "action_flag": 1, "change_message": "[{\"added\": {}}]"}}, {"model": "admin.logentry", "pk": 145, "fields": {"action_time": "2021-05-10T09:44:58.979Z", "user": 4, "content_type": 7, "object_id": "harshrawat66@gmail.com", "object_repr": "Harsh Rawat", "action_flag": 2, "change_message": "[{\"changed\": {\"fields\": [\"LinkedIn\"]}}]"}}, {"model": "admin.logentry", "pk": 146, "fields": {"action_time": "2021-05-11T05:39:42.514Z", "user": 4, "content_type": 4, "object_id": "akp998rahul@gmail.com", "object_repr": "Ankit Kumar", "action_flag": 1, "change_message": "[{\"added\": {}}]"}}, {"model": "admin.logentry", "pk": 147, "fields": {"action_time": "2021-05-11T05:41:08.463Z", "user": 4, "content_type": 4, "object_id": "anshikaverma558@gmail.com", "object_repr": "Anshika Verma", "action_flag": 1, "change_message": "[{\"added\": {}}]"}}, {"model": "admin.logentry", "pk": 148, "fields": {"action_time": "2021-05-11T05:42:46.911Z", "user": 4, "content_type": 4, "object_id": "er.shivam.jks@gmail.com", "object_repr": "Shivam Singh Chauhan", "action_flag": 1, "change_message": "[{\"added\": {}}]"}}, {"model": "admin.logentry", "pk": 149, "fields": {"action_time": "2021-05-11T05:43:50.473Z", "user": 4, "content_type": 4, "object_id": "madhurjain055@gmail.com", "object_repr": "Madhur Jain", "action_flag": 1, "change_message": "[{\"added\": {}}]"}}, {"model": "admin.logentry", "pk": 150, "fields": {"action_time": "2021-05-11T05:45:00.181Z", "user": 4, "content_type": 4, "object_id": "rashisaini151999@gmail.com", "object_repr": "Rashi Saini", "action_flag": 1, "change_message": "[{\"added\": {}}]"}}, {"model": "admin.logentry", "pk": 151, "fields": {"action_time": "2021-05-11T10:04:09.037Z", "user": 4, "content_type": 4, "object_id": "rashisaini151999@gmail.com", "object_repr": "Rashi Saini", "action_flag": 2, "change_message": "[{\"changed\": {\"fields\": [\"Branch\"]}}]"}}, {"model": "admin.logentry", "pk": 152, "fields": {"action_time": "2021-05-11T10:04:20.827Z", "user": 4, "content_type": 4, "object_id": "akp998rahul@gmail.com", "object_repr": "Ankit Kumar", "action_flag": 2, "change_message": "[{\"changed\": {\"fields\": [\"Branch\"]}}]"}}, {"model": "admin.logentry", "pk": 153, "fields": {"action_time": "2021-05-11T10:04:29.146Z", "user": 4, "content_type": 4, "object_id": "er.shivam.jks@gmail.com", "object_repr": "Shivam Singh Chauhan", "action_flag": 2, "change_message": "[{\"changed\": {\"fields\": [\"Branch\"]}}]"}}, {"model": "admin.logentry", "pk": 154, "fields": {"action_time": "2021-05-11T10:04:45.836Z", "user": 4, "content_type": 4, "object_id": "anshikaverma558@gmail.com", "object_repr": "Anshika Verma", "action_flag": 2, "change_message": "[{\"changed\": {\"fields\": [\"Branch\"]}}]"}}, {"model": "admin.logentry", "pk": 155, "fields": {"action_time": "2021-05-11T10:04:59.826Z", "user": 4, "content_type": 4, "object_id": "madhurjain055@gmail.com", "object_repr": "Madhur Jain", "action_flag": 2, "change_message": "[{\"changed\": {\"fields\": [\"Branch\"]}}]"}}, {"model": "admin.logentry", "pk": 156, "fields": {"action_time": "2021-05-11T10:53:22.750Z", "user": 4, "content_type": 27, "object_id": "2", "object_repr": "akash.1721it1014@kiet.edu", "action_flag": 2, "change_message": "[{\"changed\": {\"fields\": [\"Is mentor\"]}}]"}}, {"model": "admin.logentry", "pk": 157, "fields": {"action_time": "2021-05-11T14:29:45.638Z", "user": 4, "content_type": 27, "object_id": "11", "object_repr": "prakhar.1822ec1108@kiet.edu", "action_flag": 2, "change_message": "[{\"changed\": {\"fields\": [\"Is active\"]}}]"}}, {"model": "admin.logentry", "pk": 158, "fields": {"action_time": "2021-05-11T14:32:14.627Z", "user": 4, "content_type": 27, "object_id": "3", "object_repr": "sanchitamishra170676@gmail.com", "action_flag": 2, "change_message": "[{\"changed\": {\"fields\": [\"Name\", \"Phone\", \"College email\"]}}]"}}, {"model": "admin.logentry", "pk": 159, "fields": {"action_time": "2021-05-11T21:29:25.808Z", "user": 4, "content_type": 27, "object_id": "2", "object_repr": "akash.1721it1014@kiet.edu", "action_flag": 3, "change_message": ""}}, {"model": "admin.logentry", "pk": 160, "fields": {"action_time": "2021-05-11T21:29:25.814Z", "user": 4, "content_type": 27, "object_id": "8", "object_repr": "rohan.1822cs1112@kiet.edu", "action_flag": 3, "change_message": ""}}, {"model": "admin.logentry", "pk": 161, "fields": {"action_time": "2021-05-11T21:29:25.819Z", "user": 4, "content_type": 27, "object_id": "9", "object_repr": "muskaan.1822ec1091@kiet.edu", "action_flag": 3, "change_message": ""}}, {"model": "admin.logentry", "pk": 162, "fields": {"action_time": "2021-05-11T21:29:25.825Z", "user": 4, "content_type": 27, "object_id": "10", "object_repr": "uddeshya.1822co1062@kiet.edu", "action_flag": 3, "change_message": ""}}, {"model": "admin.logentry", "pk": 163, "fields": {"action_time": "2021-05-11T21:30:00.492Z", "user": 4, "content_type": 37, "object_id": "2", "object_repr": "innogeeks.1721it1014", "action_flag": 3, "change_message": ""}}, {"model": "admin.logentry", "pk": 164, "fields": {"action_time": "2021-05-11T21:30:00.497Z", "user": 4, "content_type": 37, "object_id": "10", "object_repr": "innogeeks.1822co1062", "action_flag": 3, "change_message": ""}}, {"model": "admin.logentry", "pk": 165, "fields": {"action_time": "2021-05-11T21:30:00.501Z", "user": 4, "content_type": 37, "object_id": "8", "object_repr": "innogeeks.1822cs1112", "action_flag": 3, "change_message": ""}}, {"model": "admin.logentry", "pk": 166, "fields": {"action_time": "2021-05-11T21:30:00.506Z", "user": 4, "content_type": 37, "object_id": "9", "object_repr": "innogeeks.1822ec1091", "action_flag": 3, "change_message": ""}}, {"model": "auth.user", "pk": 1, "fields": {"password": "pbkdf2_sha256$216000$cX9DHSyOHoJE$o/e2fXnJDUXfz4/R6CMlCBd64RleeZoXuld3ueLQ5m4=", "last_login": "2021-05-10T08:08:06.948Z", "is_superuser": false, "username": "innogeeks.1923csi1024", "first_name": "Aditi ", "last_name": "Goyal ", "email": "aditi.1923csi1024@kiet.edu", "is_staff": false, "is_active": true, "date_joined": "2021-05-08T11:57:46.120Z", "groups": [], "user_permissions": []}}, {"model": "auth.user", "pk": 2, "fields": {"password": "pbkdf2_sha256$216000$wa4dNdAmSdNQ$ytv5PY8QtIVZKTdOqcBMjGElzoyyqkSAXRxEWFhRAJQ=", "last_login": "2021-05-11T10:58:02.087Z", "is_superuser": false, "username": "innogeeks.1721it1014", "first_name": "Akash", "last_name": "Bajpai", "email": "akash.1721it1014@kiet.edu", "is_staff": false, "is_active": true, "date_joined": "2021-05-08T12:26:54.477Z", "groups": [], "user_permissions": []}}, {"model": "auth.user", "pk": 3, "fields": {"password": "pbkdf2_sha256$216000$czY4140CXPV0$pHRNSAx95ZP0sFo+5aTLuQExkgbjU1AP/xvOWwCqPug=", "last_login": "2021-05-08T14:47:29.483Z", "is_superuser": false, "username": "innogeeks.1923co1055", "first_name": "Sanchita", "last_name": "Mishra", "email": "sanchita.1923co1055@kiet.edu", "is_staff": false, "is_active": true, "date_joined": "2021-05-08T13:49:34.894Z", "groups": [], "user_permissions": []}}, {"model": "auth.user", "pk": 4, "fields": {"password": "pbkdf2_sha256$216000$tUpHZb7kjEwp$6JohfftWJuG8pfVfjTsxiwC/AjWCw/oqysU2anLSazE=", "last_login": "2021-05-11T21:28:19.257Z", "is_superuser": true, "username": "innogeeks", "first_name": "", "last_name": "", "email": "innogeeks@kiet.edu", "is_staff": true, "is_active": true, "date_joined": "2021-05-08T14:00:33.619Z", "groups": [], "user_permissions": []}}, {"model": "auth.user", "pk": 5, "fields": {"password": "pbkdf2_sha256$216000$hL0yfCEwi3dB$czlvh1uskt7rYtQzGH8PI5WbLtB5q1O/QvWg2noNBrk=", "last_login": "2021-05-08T14:45:53.203Z", "is_superuser": false, "username": "innogeeks.1923csi1107", "first_name": "Sakshi", "last_name": "Singh", "email": "sakshi.1923csi1107@kiet.edu", "is_staff": false, "is_active": true, "date_joined": "2021-05-08T14:14:12.447Z", "groups": [], "user_permissions": []}}, {"model": "auth.user", "pk": 6, "fields": {"password": "pbkdf2_sha256$216000$GcOnZe85Yn45$Cw4nXqDpBnfudrc5IgjSTuds/DOSMq0VeFGrUJgLmKA=", "last_login": "2021-05-08T18:03:39.135Z", "is_superuser": false, "username": "innogeeks.1923ec1040", "first_name": "Vanshika", "last_name": "Singhal", "email": "vanshika.1923ec1040@kiet.edu", "is_staff": false, "is_active": true, "date_joined": "2021-05-08T14:15:38.488Z", "groups": [], "user_permissions": []}}, {"model": "auth.user", "pk": 7, "fields": {"password": "pbkdf2_sha256$216000$fvOHlAiNORkD$cTM9RPYXzJNkzjuZEgnDKJ3/RvKZrVyL7aQJuicQwtM=", "last_login": "2021-05-11T20:38:56.637Z", "is_superuser": false, "username": "innogeeks.1822co1031", "first_name": "Harsh", "last_name": "Gupta", "email": "harsh.1822co1031@kiet.edu", "is_staff": false, "is_active": true, "date_joined": "2021-05-08T16:59:15.463Z", "groups": [], "user_permissions": []}}, {"model": "auth.user", "pk": 8, "fields": {"password": "pbkdf2_sha256$216000$eGQ34609Tb5Y$cySiYDwOgwJbesfpAsvV3jYfONYXa6MN4qfH+wGKzrw=", "last_login": "2021-05-11T06:28:13.937Z", "is_superuser": false, "username": "innogeeks.1822cs1112", "first_name": "Rohan", "last_name": "Khurana", "email": "rohan.1822cs1112@kiet.edu", "is_staff": false, "is_active": true, "date_joined": "2021-05-08T17:34:21.639Z", "groups": [], "user_permissions": []}}, {"model": "auth.user", "pk": 9, "fields": {"password": "pbkdf2_sha256$216000$xWjLxtnjyxMJ$vAhcYyQRkK3OOWHSoHdhac9H/5yYkq8NKJAPj22MVRE=", "last_login": null, "is_superuser": false, "username": "innogeeks.1822ec1091", "first_name": "Muskaan ", "last_name": "Mittal", "email": "muskaan.1822ec1091@kiet.edu", "is_staff": false, "is_active": true, "date_joined": "2021-05-11T05:11:45.088Z", "groups": [], "user_permissions": []}}, {"model": "auth.user", "pk": 10, "fields": {"password": "pbkdf2_sha256$216000$2oFZIa5VFuCr$ZejZRjF8uRu1hen0/cCaj7qpuddX0YBGTAWWfyTTkfQ=", "last_login": "2021-05-11T07:53:32.784Z", "is_superuser": false, "username": "innogeeks.1822co1062", "first_name": "Uddeshya", "last_name": ".", "email": "uddeshya.1822co1062@kiet.edu", "is_staff": false, "is_active": true, "date_joined": "2021-05-11T05:26:08.777Z", "groups": [], "user_permissions": []}}, {"model": "auth.user", "pk": 11, "fields": {"password": "pbkdf2_sha256$216000$gpqah0gXlMxX$fvEsP9pB63vcWWIHIEyMbFMAlfHABoboaiSf1boAruE=", "last_login": null, "is_superuser": false, "username": "innogeeks.1822ec1108", "first_name": "PRAKHAR", "last_name": "YADAV", "email": "prakhar.1822ec1108@kiet.edu", "is_staff": false, "is_active": true, "date_joined": "2021-05-11T10:01:00.587Z", "groups": [], "user_permissions": []}}, {"model": "sessions.session", "pk": "25qxpij1svveozkp7an5dfufjetgbrx4", "fields": {"session_data": ".eJxVjMsOwiAQRf-FtSEFhgIu3fsNZIaZStXQpI-V8d-1SRe6veec-1IZt7XmbZE5j6zOCtTpdyMsD2k74Du226TL1NZ5JL0r-qCLvk4sz8vh_h1UXOq3xiISBjAQE4c4QCdOEMkbQ4G8JWMLFzc4S9iBeG9N10cIjl0K0Nuk3h_8MDea:1lfpil:BAcEd2vZAWwrYGECkiL36eaooWQ1MG9dbBMkcBrJ8HY", "expire_date": "2021-05-23T20:08:11.790Z"}}, {"model": "sessions.session", "pk": "6fzuog0myypk8pt9xyzpp9iiv3e8jizs", "fields": {"session_data": ".eJxVjL0OgjAURl-FdDZE6A_gJmE1MXFwMIbctrdQhZYUcDG-u5Aw6HrO-b43qWGe2noeMdRWkwPhZPfLJKgnulXoB7jGx8q7KVgZr0m82TE-eY1dubV_By2M7bJm2nCVccGFoSAoV8oIoWRiklSCAcqBM50Iui8EK3KZpxnyojAsoRlNU0aXU9XNcgje2A7J4UauKKMKX9j5oUc3LUEJo1XROfgmQN9b1yysuhzJ_fMFQy9LXg:1lfOZc:Qj-PhWq7zY3hr0vq1jpIKGjbgldfWPwrJBczBKZU7Ug", "expire_date": "2021-05-22T15:08:56.420Z"}}, {"model": "sessions.session", "pk": "bvpu8yi12bsqxd6bn15asj8h8h43pzdp", "fields": {"session_data": "eyJfcGFzc3dvcmRfcmVzZXRfdG9rZW4iOiJhbWM0aHEtNWVkZjFmOWVkODU3MTNmOWFlYmQ5OTExZDRkMzNlZjYifQ:1lfOWH:ULhHWOCi_9FgVZUKK8FWrl8Q936AMhoNAhsZQ4K5XWM", "expire_date": "2021-05-22T15:05:29.983Z"}}, {"model": "sessions.session", "pk": "hd364r80013mgfa8kagelqlpfvj8j0qc", "fields": {"session_data": ".eJxVjMsOwiAQRf-FtSEFhgIu3fsNZIaZStXQpI-V8d-1SRe6veec-1IZt7XmbZE5j6zOCtTpdyMsD2k74Du226TL1NZ5JL0r-qCLvk4sz8vh_h1UXOq3xiISBjAQE4c4QCdOEMkbQ4G8JWMLFzc4S9iBeG9N10cIjl0K0Nuk3h_8MDea:1lfRDg:j3VnqMvkCDP6MHey4RePK7M2tMWXHJMO8-SKPoMMHGk", "expire_date": "2021-05-22T17:58:28.385Z"}}, {"model": "sessions.session", "pk": "ifx8geyxvdlscr2gownwzfx2awuziyex", "fields": {"session_data": ".eJxVjEEOwiAUBe_C2pBSoECX7j2BMQ18PhYlYGi7Mt5dmnSh2zfz5k0mu63ztC1Yp-jJSBg5_W7OwhPzDvzD5nuhUPJao6O7Qg-60EvxmM6H-xeY7TK3N1eDUIBCh15qlB6Rd0z34K1zPVfIHGDDgvsAUgtgpkMjRUDDlRi0alFIm3vVEmJCMl5vny_ecD4U:1lgAvJ:bIHgZRftKdObdBEOMED-4HtSpZWmwr8NSr0_SM_OE_k", "expire_date": "2021-05-24T18:46:33.235Z"}}, {"model": "sessions.session", "pk": "jh5osp6sn7cosu57gw7wvuqpxa1y7mey", "fields": {"session_data": ".eJxVjMsOwiAQRf-FtSEFhgIu3fsNZIaZStXQpI-V8d-1SRe6veec-1IZt7XmbZE5j6zOCtTpdyMsD2k74Du226TL1NZ5JL0r-qCLvk4sz8vh_h1UXOq3xiISBjAQE4c4QCdOEMkbQ4G8JWMLFzc4S9iBeG9N10cIjl0K0Nuk3h_8MDea:1lgW0L:rBzR8685DyHqzeSem5QL51EHhhhSbRMrKv-BiitOkbM", "expire_date": "2021-05-25T17:17:09.759Z"}}, {"model": "sessions.session", "pk": "liy4f3rk3zms41dflte3ozdf3l3mrl84", "fields": {"session_data": ".eJxVUMFqwzAM_ZXic7ETJ3GT3loGY4fC2GCXMYIcK47b2C62w9jG_n0O9NBdhKT3nvSkH9LDkqZ-iRh6o8ielAXZ3jclDBd0K6LO4LSng3cpGElXCr2hkZ68wvl44_4bMEGcsrrgRSPHahTA23LssOGI0MhGyEHUHMqat60seQ0dr0QBQqhcjV1bqV3DQbR56DAv8hr8aGYk-3dyhGiGzXPwOoC1xulMeXg95HhYtEWXULE3E9IC8-YFYTbpi3xsibGgs55MKV3jnjHjnNeIl0hjRcHCt3fwGfOZlllUBpjKB0gPQbE7A-zp9NjzgpdFxXdrUpei33UNPV9XHzq_AUPeYiGb_f0D8uB2FQ:1lgNE1:8Rm7D0Gv5TA9WR1qmUV8YyZEmWTHaTOkqiTGi076JhY", "expire_date": "2021-05-25T07:54:41.767Z"}}, {"model": "sessions.session", "pk": "qgjp4yau9uin4qk0vi10svhoj71qyim0", "fields": {"session_data": ".eJxdkE9PwzAMxb9KlfPUv-na7bZpFyQmECA4IDQ5iZuGNUmVpCBAfHdS2GHj4oPf88_2-yIHmEJ_mDy6gxJkTShZnPcY8COaWRCvYKRNuTXBKZbOlvSk-nRvBQ7bk_cC0IPv4zRwxKajBW1Xomk7mmOFAKwuCtawumRFyQWvuqpkkFOs67LIly1tKlGtGrosVxHKh4mNznZqQLJ-Jk_Ikh2-4WBHjSZEwxa84smts9KB1srI2Nvdb2LdTHL2oMgelQsTDMkdwqDCx6wZ4awS_1h74L0ymFwjOPOHuooAZzAkN13yEEXpycuCKA0y3kP6EEa_zjJljJWIR5_6KgUNn9bAu4-x6UyjUJCJGAiz4ER29tDZ2Pi7TMYg0UWuhvju9w9TA5BF:1lgZx4:CV2DszM5DDBhwukhlqiZ6Ifa2QfahipEf7DOrgBR22s", "expire_date": "2021-05-25T21:30:02.933Z"}}, {"model": "sessions.session", "pk": "qrzrshqv4h537lt9dzjrm3lgvk6oswbc", "fields": {"session_data": ".eJxVjMsOwiAQRf-FtSEFhgIu3fsNZIaZStXQpI-V8d-1SRe6veec-1IZt7XmbZE5j6zOCtTpdyMsD2k74Du226TL1NZ5JL0r-qCLvk4sz8vh_h1UXOq3xiISBjAQE4c4QCdOEMkbQ4G8JWMLFzc4S9iBeG9N10cIjl0K0Nuk3h_8MDea:1lgT4s:CfwLzDtPzu-mz03mwgaDYjMtAudUd6glNCrpk3smiJA", "expire_date": "2021-05-25T14:09:38.690Z"}}, {"model": "sessions.session", "pk": "vg5po6qllvi61tq63vy2aph878405yh5", "fields": {"session_data": ".eJxVj71uwyAUhV8lYo4wrjGJvTXKWqlShg5VZV3gGpMYsAC3Uqu-e7GUIV3Pz3fP_SEDrHka1oRxsJr0pCH7R02CuqHfDH0FbwJVwedoJd0i9O4m-hI0zqd79h9ggjSVNgA_CMG5OrRPnRgbITrosNEd0zVTR8kEk4rplqPmrDnUvJVqFBpq1nVH3WxQNa9yiWG0M5L-nbyh3J3xE-ewOPS5BE6QrNq9xmAiOGe9Kdr58kw-9sQ6MKVFppyX1FeV9T4YxFuiqaHg4Dt4-ErlOVc51BYqXWbLAFFXD2erC3g12Qz0umxwU77FWLAjOiirfv8AiU9w0A:1lgVzA:_Vq0PTY5DSDWIL595H4XlcnddEz_OX0yqY_4vZOy2MU", "expire_date": "2021-05-25T17:15:56.906Z"}}, {"model": "sessions.session", "pk": "xi99py2wqqnwjq00hrixg8656d1z7q7u", "fields": {"session_data": ".eJxVjEEOwiAUBe_C2pBSoECX7j2BMQ18PhYlYGi7Mt5dmnSh2zfz5k0mu63ztC1Yp-jJSBg5_W7OwhPzDvzD5nuhUPJao6O7Qg-60EvxmM6H-xeY7TK3N1eDUIBCh15qlB6Rd0z34K1zPVfIHGDDgvsAUgtgpkMjRUDDlRi0alFIm3vVEmJCMl5vny_ecD4U:1lgMkT:ebRKXyV2gQw6baU8XIPzdrOrqK8H0VB2cLB0olKP0pw", "expire_date": "2021-05-25T07:24:09.263Z"}}]